Acc Code,Account Number,Old Account Number,Date Taken on,Date Account Opened,Recency,Profile,Easy Pay Number,Book,ID1st Class,ID1st Class type,ID2nd Class,ID2nd Class type,Last Class date,CD,Age,Arrears Amount,Outstanding balance,Installment Amount,Date Write off,Last RPC Comment,Last RPC Date,Last Quick Comment,Last Quick Comment date,Last Comment,Last Comment Date,Days with Strauss,Last Payment Amount,Last Payment Date,Date Paid Prior,Charge off date,Charge Off Amount,PTP Date Capture,PTP Due Date,PTP Amount,PTP Evaluated Date,PTP Captured By,Queue Code,Queue Description,Store Name,Agent Description,Self Assist Short url,Store Number,Title,Initials,Known As,Name,Surname,ID Number,Occupation,Patient ID,Patient Cell,Patient Home,Patient Work,Patient Other,Patient EMail Personal ,Patient EMail Work ,CPB Traced EMail Personal ,CPB Traced EMail Work ,Experian Traced EMail Personal ,Experian Traced EMail Work ,Transunion Traced EMail Personal ,Transunion Traced EMail Work ,Salary Date,Total Payment amount,Count of broken,Total PTP,Times Worked,Date of Appointment,letters,Email,SMS,Cell,Home,Work,Potential RPC,Email Personal,Email Work,Account Type,Debit Order Next Date,Debit Order Date Captured,Debit Order Amount,Debit Order Captured By,Type,CACS Code,SMS Cap Reached,Plastic Nr,MBFS Book,FNB_Relegation_Date,Activation Comment,Activation Date,Activation Amount,FINAL SCORE DESCR
4644947,17204182,959990002461913,2026/02/17,2024/05/07,36,0,951119546449477,Finchoice,Debit Order,Debit Order,Customer Class,Employment Confirmed,2026/05/11,0,7,3655.50,22.40,2.24,,Phone Call Made->Account Holder->Cellphone->Debtor direct->Type of Payment->Obtained PTP,2026/09/24,Phone Call Made->Account Holder->Cellphone->Other Person->Co-worker->Obtained Information->Other,2026/09/30,Xoliswa advised she paid yesterdy,2026/09/30,225,300.00,2026/08/25,2026/08/25,2026/02/17,1422.40,2026/09/24,2026/09/25,22.40,,srs1688p,16922,PTP Overdue,Legal,D4,https://url.za.m.mimecastprotect.com/s/nLPeCnZlJDUXqk7kU9fQQiJdQj6,PLA00209,MISS,XM,,XOLISWA,PLAATJIE,8006061681085,,,,,,,,,,,,,,,Paid on 31st,0.00,1,2,6,,0,2,2,0783090743,,,,XOLISWAKHAYI@GMAIL.COM,,6 Month Flexi,,,0.00,,PLA00209,,NO,,,,,,,
3859659,13266397,959990102521319,2024/08/16,2023/03/13,61,0,951119538596590,Finchoice,Debit Order,Debit Order,Customer Class,Employment Confirmed,2025/08/25,0,25,1279.76,32.82,3.28,,Phone Call Made->Account Holder->Cellphone->Debtor direct->Type of Payment->Obtained PTP,2026/09/24,Phone Call Made->Account Holder->Cellphone->Left Message->Voicemail Lite,2026/09/26,SMS Status: EXPIRED - FINCHOICE PAST DUE SMS 28 09 26.txt,2026/09/28,775,100.00,2026/07/31,2026/07/31,2024/08/16,1592.82,2026/09/24,2026/09/25,33.00,,srs1675p,16922,PTP Overdue,Legal,D4,https://url.za.m.mimecastprotect.com/s/QwO2CoYmJETDLQrQFzhqqipgv_2,FRI02275,MISS,L,,LUCRESIA,FRIESLAAR,9112270210085,,,,,,,,,,,,,,,Paid on 31st,0.00,1,2,15,,0,1,5,0672613311,,0235411363,,lucresiafrieslaar20@gmail.com,,HomeChoice Restructure,,,0.00,,FRI02275,,NO,,,,,,,
4903401,16297642,959990084980103,2026/07/24,2024/01/30,9999,0,951119549034011,Finchoice,,,,,,0,2,2747.75,176.60,17.66,2025/12/09,Phone Call Made->Account Holder->Cellphone->Debtor direct->Type of Payment->Obtained PTP,2026/09/21,Send SMS->Banking Details,2026/09/21,SMS Status: DELIVRD - FINCHOICE PAST DUE SMS 28 09 26.txt,2026/09/28,68,0.00,,2025/07/25,2026/07/24,176.60,2026/09/21,2026/09/25,176.60,,srs0050ap,16922,PTP Overdue,Legal,D4,https://url.za.m.mimecastprotect.com/s/agRSCpgnVGU9N7n7hYi22iGlQZH,LES14904,MS,M,,MOHLOUOA,LESHORO,8004276105081,,,,,,,,,,,,,,,Paid on 3rd,0.00,0,1,56,,0,4,4,0719862426,,,,mohlouoa.jacob@gmail.com,,Finchoice Restructure,,,0.00,,LES14904,,NO,,,,,,,
4897479,20519476,959990044949362,2026/07/24,2025/03/18,9999,0,951119548974795,Finchoice,,,,,,0,2,3419.75,301.76,30.18,2025/11/10,Phone Call Made->Account Holder->Cellphone->Debtor direct->Type of Payment->Obtained PTP,2026/09/14,Phone Call Made->Account Holder->Cellphone->No Response->Disconnected,2026/09/30,SMS Status: DELIVRD - FINCHOICE PAST DUE SMS 28 09 26.txt,2026/09/28,68,0.00,,2026/01/05,2026/07/24,301.76,2026/09/14,2026/09/25,50.00,,srs1466p,16922,PTP Overdue,Legal,D4,https://url.za.m.mimecastprotect.com/s/ijwpCqjo8JH1PV8VsEsKKiEQPdc,RAS05324,MS,P,,PORTIA,RASETELO,9002230489087,,,,,,,,,,,,,,,Paid on 15th,0.00,0,1,40,,0,5,6,0824766021,,,,prasetelo07@gmail.com,,PayJustNow - Pay in 12,,,0.00,,RAS05324,,NO,,,,,,,
4897210,19401860,959990064097530,2026/07/24,2024/12/05,9999,0,951119548972104,Finchoice,Trace Data,Trace Positive,,,2026/08/12,0,2,8733.08,363.04,36.30,2025/10/10,Phone Call Made->Account Holder->Cellphone->Debtor direct->Type of Payment->Obtained PTP,2026/09/16,Send SMS->Banking Details,2026/09/16,SMS Status: DELIVRD - FINCHOICE PAST DUE SMS 28 09 26.txt,2026/09/28,68,0.00,,2026/01/06,2026/07/24,363.04,2026/09/16,2026/09/25,363.04,,srs1551p,16922,PTP Overdue,Legal,D4,https://url.za.m.mimecastprotect.com/s/b4MpCr0p7Kfr0W8WUjt66i4w5Cx,BOR01628,MR,R,,REGINALD,BOROBOKO,8202185424086,,,,,,,,,,,,,,,Paid on 31st,0.00,0,1,22,,0,4,3,0733188971,,,,rboroboko@gmail.com,,MobiMoney Restructure,,,0.00,,BOR01628,,NO,,,,,,,
4740131,14242647,959990132579212,2026/04/07,2023/06/20,9999,0,951119547401311,Finchoice,Customer Class,Employment Confirmed,,,2026/07/02,0,5,4115.78,413.35,41.34,2025/01/09,Phone Call Made->Account Holder->Cellphone->Debtor direct->Type of Payment->Obtained PTP,2026/09/18,Phone Call Made->Account Holder->Cellphone->Debtor direct->Type of Payment->Obtained PTP,2026/09/18,SMS Status: DELIVRD - FINCHOICE PAST DUE SMS 28 09 26.txt,2026/09/28,176,0.00,,2025/10/23,2026/04/07,413.35,2026/09/18,2026/09/25,335.00,,srs0050ap,16922,PTP Overdue,Legal,D4,https://url.za.m.mimecastprotect.com/s/dVHgCvgwJOUEjR7Ru5ulliQGk7C,MA861731,MISS,B,,BUSISWA,MABIBINI,8306300539080,,,,,,,,,,,,,BUSISWAMABIBINI83@GMAIL.COMZA           ,,Paid on 15th,0.00,0,5,5,,0,2,5,0730549732,,,,busimabibin8i@gmail.com,,HomeChoice Restructure,,,0.00,,MA861731,,NO,,,,,,,
4895429,19168586,959990086931963,2026/07/24,2024/11/18,9999,0,951119548954292,Finchoice,,,,,,0,2,4944.85,512.52,51.25,2025/06/12,Phone Call Made->Account Holder->Cellphone->Debtor direct->Type of Payment->Obtained PTP,2026/09/19,Phone Call Made->Account Holder->Cellphone->Debtor direct->Type of Payment->Obtained PTP,2026/09/19,SMS Status: DELIVRD - FINCHOICE PAST DUE SMS 28 09 26.txt,2026/09/28,68,0.00,,2026/03/05,2026/07/24,512.52,2026/09/19,2026/09/26,513.00,,srs1632p,16922,PTP Overdue,Legal,D4,https://url.za.m.mimecastprotect.com/s/zbkqCwjxgPHvz2G2uxCGGiJ_0z9,MA419679,MR,A,,AFRICA,MALUMANE,7808165441089,,,,,,,,,,,,,,,Paid on 27th,0.00,1,2,23,,0,3,7,0716464289,,,,madlayani@gmail.com,,MobiMoney Restructure,,,0.00,,MA419679,,NO,,,,,,,
4895342,19904225,959990209029323,2026/07/24,2025/01/23,9999,0,951119548953427,Finchoice,Settlement,Possible Payment/Negotiation in Process,,,2026/09/23,0,2,1747.25,513.94,51.39,2026/01/10,Phone Call Made->Account Holder->Cellphone->Debtor direct->Settlement Negotiated->Type of Payment->Obtained PTP,2026/09/23,Phone Call Made->Account Holder->Work->No Response->No Reply,2026/09/26,SMS Status: DELIVRD - FINCHOICE PAST DUE SMS 28 09 26.txt,2026/09/28,68,0.00,,2025/06/20,2026/07/24,513.94,2026/09/23,2026/09/25,514.00,,srs1634p,16922,PTP Overdue,Legal,D4,https://url.za.m.mimecastprotect.com/s/CKcDCxGyjQUL4z1zUgFEEiyDl7O,M1350617,MR,M,,MANDLA,MAHLANGU,8309136003081,,,,,,,,,,,,,,,Paid on 23rd,0.00,0,1,49,,0,4,6,0727354004,,,,bembelindiwe2@gmail.com,,MobiMoney,,,0.00,,M1350617,,NO,,,,,,,
4899918,20745551,959990097707360,2026/07/24,2025/04/04,9999,0,951119548999180,Finchoice,Trace Data,Trace Positive,,,2026/08/12,0,2,7266.50,713.34,71.33,2026/02/10,Phone Call Made->Account Holder->Cellphone->Debtor direct->Type of Payment->Obtained PTP,2026/09/14,Phone Call Made->Account Holder->Cellphone->Debtor direct->Type of Payment->Obtained PTP,2026/09/14,SMS Status: DELIVRD - FINCHOICE PAST DUE SMS 28 09 26.txt,2026/09/28,68,0.00,,2025/08/26,2026/07/24,713.34,2026/09/14,2026/09/26,50.00,,srs1636p,16922,PTP Overdue,Legal,D4,https://url.za.m.mimecastprotect.com/s/W2wMCy8zkRf7zprpuxHmmixAGxJ,LEG09158,MISS,J,,JOHANNA,LEGOBYE,8305050634083,,,,,,,,,,,,,,,Paid on 26th,0.00,0,1,14,,0,3,3,0826402916,,,,legobyejohanna1@gmail.com,,MobiMoney,,,0.00,,LEG09158,,NO,,,,,,,
4902482,19456491,959990145811453,2026/07/24,2024/12/10,9999,0,951119549024822,Finchoice,,,,,,0,2,1903.19,765.37,76.54,2026/02/10,Phone Call Made->Account Holder->Cellphone->Debtor direct->Settlement Negotiated->Type of Payment->Obtained PTP,2026/09/04,Phone Call Made->Account Holder->Cellphone->No Response->No Reply,2026/09/30,SMS Status: DELIVRD - FINCHOICE PAST DUE SMS 28 09 26.txt,2026/09/28,68,0.00,,2025/08/23,2026/07/24,765.37,2026/09/04,2026/09/25,765.37,,srs1632p,16922,PTP Overdue,Legal,D4,https://url.za.m.mimecastprotect.com/s/nm4MCzmAl0cGp7M7I7I77i9it1p,NK22511,MR,T,,THOKOZANI,NKOSI,9103315841083,,,,,,,,,,,,,,,Paid on 25th,0.00,0,1,12,,0,1,4,0714871732,,,,thokozanitedd7@gmail.com,,PayJustNow - Pay in 12,,,0.00,,NK22511,,NO,,,,,,,
4904442,17336695,959990060427459,2026/07/24,2024/05/21,9999,0,951119549044424,Finchoice,,,,,,0,2,4868.99,852.15,85.22,2026/03/09,Phone Call Made->Account Holder->Other->Debtor direct->Type of Payment->Obtained PTP,2026/09/09,Phone Call Made->Account Holder->Cellphone->Other Person->Co-worker->Obtained Information->Other,2026/09/09,SMS Status: DELIVRD - FINCHOICE PAST DUE SMS 28 09 26.txt,2026/09/28,68,0.00,,2025/09/27,2026/07/24,852.15,2026/09/09,2026/09/25,100.00,,srs1355p,16922,PTP Overdue,Legal,D4,https://url.za.m.mimecastprotect.com/s/FIoxCAnrOyUZ38N8uwS99iGgACh,MAH65088,MISS,AK,,AGRINATH,MAHLATJI,8902250340089,,,,,,,,,,,,,,,Paid on 1st,0.00,0,1,17,,0,4,5,0676674669,0127533444,,,amahlatji25@gmail.com,,MobiMoney,,,0.00,,MAH65088,,NO,,,,,,,
4901650,14728960,959990114052394,2026/07/24,2023/08/08,9999,0,951119549016505,Finchoice,,,,,,0,2,1747.25,973.96,97.40,2025/09/09,Phone Call Made->Account Holder->Cellphone->Debtor direct->Type of Payment->Obtained PTP,2026/09/23,Send SMS->Banking Details,2026/09/23,FINCHOICE BANKING DETAILS - BANK: ABSA - ACCOUNT NAME: SRS TRUST GENERAL - ACCOUNT NBR: 4107204509 - BRANCH CODE: 632005 - REFERENCE: YOUR ID NUMBER. WHATSAPP 0614774098.,2026/09/23,68,0.00,,2026/04/02,2026/07/24,973.96,2026/09/23,2026/09/25,200.00,,srs1341p,16922,PTP Overdue,Legal,D4,https://url.za.m.mimecastprotect.com/s/d8D2CBgvEzUD9y7yFpTyyi2Wjut,BAM04556,MR,A,,ANDILE,BAM,9305095627083,,,,,,,,,,,,,,,Paid on 31st,0.00,0,1,64,,0,5,7,0814414448,,,,onkebam93@gmail.com,,MobiMoney,,,0.00,,BAM04556,,NO,,,,,,,
4911789,23679687,,2026/08/01,2025/11/20,9999,0,951119549117899,Finchoice,,,,,,0,1,586.25,976.80,97.68,2026/04/09,Incoming correspondence->Received E-mail->Debtor direct->Type of Payment->Obtained PTP,2026/09/07,Supervisor Action->E-mail Sent,2026/09/07,SMS Status: UNDELIV - FINCHOICE REMINDERS SMS 28 09 26.txt,2026/09/28,60,0.00,,,2026/08/01,976.80,2026/09/07,2026/09/28,326.00,,srs002,16922,PTP Overdue,Legal,D4,https://url.za.m.mimecastprotect.com/s/7FpnCDRxEBtoKy5yu6UGGijxJt7,MEN15131,MR,J,,JUNAID,MENTOR,0103025093081,,,,,,,,,,,,,,,Paid on 25th,0.00,0,1,11,,0,2,2,0695412617,,,,junaid4523@gmail.com,,KwikAdvance,,,0.00,,MEN15131,,NO,,,,,,,
4892010,20392465,959990201433754,2026/07/24,2025/03/05,9999,0,951119548920103,Finchoice,,,,,,0,2,1747.25,1095.26,109.53,2025/12/09,Phone Call Made->CPB 3->Cellphone->Debtor direct->Type of Payment->Obtained PTP,2026/09/16,Send SMS->Contact Us,2026/09/16,SMS Status: DELIVRD - FINCHOICE REMINDERS SMS 28 09 26.txt,2026/09/28,68,0.00,,2026/04/08,2026/07/24,1095.26,2026/09/16,2026/09/28,200.00,,srs0805p,16922,PTP Overdue,Legal,D4,https://url.za.m.mimecastprotect.com/s/JjqSCElyQDClJY3YCJcGGi7cknC,JAN47506,MR,M,,MALESELA,JAN,8412075638089,,,,,,,,,,,,,,,Paid on 28th,0.00,0,1,34,,0,3,7,0781440120,,,,wwwnkunajan@gmail.com,,6 Month Flexi,,,0.00,,JAN47506,,NO,,,,,,,
4916791,23605758,959990097939195,2026/08/01,2025/11/15,32,0,951119549167910,Finchoice,,,,,,0,1,2862.25,1176.46,117.65,2026/06/09,Phone call received->Response to message->Debtor direct->Type of Payment->Obtained PTP,2026/08/04,Dialer Comments->Account Holder->Cellphone->Abandon Call,2026/09/02,SMS Status: DELIVRD - FINCHOICE REMINDERS SMS 28 09 26.txt,2026/09/28,60,250.00,2026/08/29,2026/08/29,2026/08/01,1426.46,2026/09/02,2026/09/28,250.00,,srs1304p,16922,PTP Overdue,Legal,D4,https://url.za.m.mimecastprotect.com/s/DbuACGZAKGUBp616iEfmmiB33pe,SNY05728,MRS,V,,VALERIE,SNYMAN,8212290109084,,,,,,,,,,,,,,,Paid on 28th,0.00,0,1,1,,0,1,2,0842793023,0155833696,,,valsnyman@yahoo.com,,MobiMoney,,,0.00,,SNY05728,,NO,,,,,,,
4897037,21193843,959990103182251,2026/07/24,2025/05/14,9999,0,951119548970371,Finchoice,Trace Data,Trace Positive,Customer Class,Unemployed,2026/08/12,0,2,2862.25,1179.93,117.99,2026/02/10,Phone Call Made->Account Holder->Cellphone->Debtor direct->Type of Payment->Obtained PTP,2026/09/08,Phone Call Made->Account Holder->Cellphone->Debtor direct->Type of Payment->Obtained PTP,2026/09/08,SMS Status: DELIVRD - FINCHOICE PAST DUE SMS 28 09 26.txt,2026/09/28,68,0.00,,2025/09/13,2026/07/24,1179.93,2026/09/08,2026/09/26,200.00,,srs1634p,16922,PTP Overdue,Legal,D4,https://url.za.m.mimecastprotect.com/s/jqChCJZ1XLUBmVqVi5h33iyEmtV,NAY00522,MR,K,,KEEFAH REG,NAYLOR,9706095086081,,,,,,,,,,,,,,,Paid on 31st,0.00,0,1,14,,0,4,6,0785851432,,,,keefah969@gmail.com,,MobiMoney,,,0.00,,NAY00522,,NO,,,,,,,
4893216,19695400,959990140765753,2026/07/24,2025/01/02,9999,0,951119548932165,Finchoice,Trace Data,Trace Positive,,,2026/08/12,0,2,2167.39,1211.27,121.13,2025/10/10,Phone Call Made->Account Holder->Cellphone->Debtor direct->Type of Payment->Obtained PTP,2026/09/16,Send SMS->Banking Details,2026/09/16,SMS Status: DELIVRD - FINCHOICE PAST DUE SMS 28 09 26.txt,2026/09/28,68,0.00,,2025/05/01,2026/07/24,1211.27,2026/09/16,2026/09/25,100.00,,srs1612p,16922,PTP Overdue,Legal,D4,https://url.za.m.mimecastprotect.com/s/vqVECKOGEMiDv626F7iBBi5v1Dc,MUK12813,MR,C,,CHRISTOPHER,MUKWEVHO,9307276347085,,,,,,,,,,,,,,,Paid on 29th,0.00,0,2,48,,0,3,5,0766117847,,,,christophermukwevho79@gmail.co,,6 Month Flexi,,,0.00,,MUK12813,,NO,,,,,,,
4917896,24067172,959990074177843,2026/08/01,2025/12/17,9999,0,951119549178966,Finchoice,Trace Data,Trace Positive,,,2026/08/22,0,1,879.38,1380.40,138.04,2026/06/09,Whats App->Incoming->Debtor direct->Type of Payment->Obtained PTP,2026/09/21,Dialer Comments->Account Holder->Cellphone->Answering Machine,2026/09/21,SMS Status: DELIVRD - FINCHOICE PAST DUE SMS 28 09 26.txt,2026/09/28,60,0.00,,,2026/08/01,1380.40,2026/09/21,2026/09/26,1105.00,,srs1655p,16922,PTP Overdue,Legal,D4,https://url.za.m.mimecastprotect.com/s/ltz0CLgGBNUkp7R7TosDDiyYGA6,JAN18428,MS,E,,ELLOUISE,JANUARIE,9405111231082,,,,,,,,,ELLOUISEJANUARIE10@GMAIL.COM,,,,,,Paid on 25th,0.00,0,1,27,,0,4,4,0660793890,,,,ellouise0januarie@gmail.com,,KwikAdvance,,,0.00,,JAN18428,,NO,,,,,,,
4917631,23725077,959990215735426,2026/08/01,2025/11/24,19,0,951119549176317,Finchoice,Trace Data,Trace Positive,,,2026/08/22,0,1,1747.25,1429.67,142.97,2026/06/09,Phone Call Made->Account Holder->Cellphone->Debtor direct->Type of Payment->Obtained PTP,2026/09/21,Dialer Comments->Account Holder->Cellphone->Ringing,2026/09/21,Changed Trace Class to None,2026/09/21,60,150.00,2026/09/11,2026/09/11,2026/08/01,1579.67,2026/09/21,2026/09/28,150.00,,srs1631p,16922,PTP Overdue,Legal,D4,https://url.za.m.mimecastprotect.com/s/dbFGCMjXB0H207q7uXtZZi8VufB,ZEE01614,MR,B,,BRANDON,ZEEDERBERG,0007195115089,,,,,,,,,,,,,,,Paid on 28th,150.00,0,1,29,,0,3,2,0614227094,,,,brandzey@gmail.com,,MobiMoney,,,0.00,,ZEE01614,,NO,,,,,,,
4914151,24424102,959990103616837,2026/08/01,2026/01/10,36,0,951119549141519,Finchoice,,,,,,0,1,1172.50,1435.52,143.55,2026/06/09,Phone Call Made->Account Holder->Cellphone->Debtor direct->Type of Payment->Obtained PTP,2026/09/03,Phone Call Made->Account Holder->Cellphone->No Response->Disconnected,2026/09/30,disconnected,2026/09/30,60,200.00,2026/08/25,2026/08/25,2026/08/01,1635.52,2026/09/03,2026/09/25,500.00,,srs1296p,16922,PTP Overdue,Legal,D4,https://url.za.m.mimecastprotect.com/s/saRlCNxG1PiZrz0zuXu22iyBIAx,ZON22120,MS,F,,FREDERICO,ZONDAGHT,9302165377087,,,,,,,,,,,,,,,Paid on 25th,0.00,0,1,3,,0,1,2,0608996059,,,,lorenciazondaght@gmail.com,,MobiMoney,,,0.00,,ZON22120,,NO,,,,,,,
4893042,20514815,959990085109835,2026/07/24,2025/03/18,9999,0,951119548930425,Finchoice,,,,,,0,2,11207.50,1451.77,145.18,2026/02/10,Phone Call Made->Account Holder->Cellphone->Debtor direct->Type of Payment->Obtained PTP,2026/09/19,Phone Call Made->Account Holder->Cellphone->Other Person->Co-worker->Left Message->Voicemail Lite,2026/09/30,0798181891=vm,2026/09/30,68,0.00,,2025/08/23,2026/07/24,1451.77,2026/09/19,2026/09/25,300.00,,srs1688p,16922,PTP Overdue,Legal,D4,https://url.za.m.mimecastprotect.com/s/5f5-CO7G9QUN9MpMhDCBBiGfEdG,NTI05533,MR,D,,DENNIS,NTINI,8110315561083,,,,,,,,,,,,,,,Paid on 31st,0.00,0,1,47,,0,3,5,0843881441,,,,mxo.ntini@gmail.com,,MobiMoney,,,0.00,,NTI05533,,NO,,,,,,,
4896210,18719446,959990007578216,2026/07/24,2024/10/03,9999,0,951119548962105,Finchoice,Debit Order,Debit Order,,,2026/09/15,0,2,3419.75,1527.84,152.78,2025/12/09,Phone Call Made->Account Holder->Other->Debtor direct->Type of Payment->Obtained DebiCheck Debit Order,2026/09/15,Send SMS->Contact Us,2026/09/15,SMS Status: DELIVRD - FINCHOICE REMINDERS SMS 28 09 26.txt,2026/09/28,68,0.00,,2025/10/09,2026/07/24,1527.84,2026/09/15,2026/09/27,100.00,,srs1634p,6840,AGE 0 - 3+ DEBIT ORDER PEND,Legal,D4,https://url.za.m.mimecastprotect.com/s/lY32CP1GJRf0rPKPUAFllixBABa,MAK12995,MRS,N,,NCAMISILE,MAKHAYE,6911110491083,,,,,,,,,,,,,,,Paid on the 7th,0.00,0,1,13,,0,1,8,0661715519,0358700227,0358700960,,mchununcamsile9@gmail.com,,6 Month Flexi,2026/10/07,2026/09/15,100.00,srs1634p,MAK12995,,NO,,,,,,,
4899827,19703949,959990181500499,2026/07/24,2025/01/03,9999,0,951119548998273,Finchoice,Trace Data,Trace Positive,,,2026/08/12,0,2,1747.25,1555.31,155.53,2025/11/10,Phone call received->Response to message->Debtor direct->Type of Payment->Obtained PTP,2026/09/09,Phone call received->Response to message->Debtor direct->Type of Payment->Obtained PTP,2026/09/09,SMS Status: DELIVRD - FINCHOICE PAST DUE SMS 28 09 26.txt,2026/09/28,68,0.00,,2026/02/26,2026/07/24,1555.31,2026/09/09,2026/09/25,100.00,,srs1578p,16922,PTP Overdue,Legal,D4,https://url.za.m.mimecastprotect.com/s/-d3pCQ1XLVfXEYkYU1H99iGPGkO,M1026035,MR,V,,VONGANI,MALULEKE,8907115730085,,,,,,,,,,,,,,,Paid on 25th,0.00,0,1,14,,0,2,3,0712217889,,,,Vonganibenjaminb@gmail.com,,6 Month Flexi,,,0.00,,M1026035,,NO,,,,,,,
4892326,19396050,959990105722989,2026/07/24,2024/12/04,9999,0,951119548923263,Finchoice,Trace Data,Trace Positive,,,2026/08/12,0,2,2692.37,1572.04,157.20,2025/12/09,Phone Call Made->Account Holder->Cellphone->Debtor direct->Type of Payment->Obtained PTP,2026/09/01,Send SMS->Banking Details,2026/09/01,SMS Status: DELIVRD - FINCHOICE REMINDERS SMS 28 09 26.txt,2026/09/28,68,0.00,,2025/07/29,2026/07/24,1572.04,2026/09/01,2026/09/28,500.00,,srs1631p,16922,PTP Overdue,Legal,D4,https://url.za.m.mimecastprotect.com/s/isr_CRgXBWUGkxvxIYI66i1vbU9,BAR15755,MR,E,,ESWILL,BARENDS,8106115106087,,,,,,,,,,,,,,,Paid on 28th,0.00,0,1,7,,0,1,3,0644548479,,,,eswillbarends@gmail.com,,6 Month Flexi,,,0.00,,BAR15755,,NO,,,,,,,
2742935,8181165,959990080375506,2025/01/15,2020/12/29,67,0,951119527429357,Finchoice,Customer Class,Employment Confirmed,,,2025/06/20,0,20,3243.37,1592.45,159.25,,Phone Call Made->Account Holder->Cellphone->Debtor direct->Type of Payment->Obtained PTP,2026/09/25,Send SMS->Banking Details,2026/09/25,SMS Status: DELIVRD - FINCHOICE REMINDERS SMS 28 09 26.txt,2026/09/28,623,100.00,2026/07/25,2026/07/25,2022/04/07,2792.45,2026/09/25,2026/09/28,150.00,,srs1675p,16922,PTP Overdue,Legal,D4,https://url.za.m.mimecastprotect.com/s/cpZZCVmWZ1c2LYxYu7SrriExL1N,LET27307,MISS,R,,RAMAKANTA,LETSOALO,7706280722088,mokopane hospital,,,,,,,,,,,,,,Paid on 31st,0.00,1,2,19,,0,4,4,0764867431,,,,letsoaloramakanta08@gmail.com,,HomeChoice Restructure,,,0.00,,LET27307,,NO,,,,,,,
4917075,24016615,959990141635591,2026/08/01,2025/12/12,9999,0,951119549170757,Finchoice,Trace Data,Trace Positive,,,2026/08/22,0,1,1747.25,1621.41,162.14,2026/06/09,Phone Call Made->Account Holder->Cellphone->Debtor direct->Type of Payment->Obtained PTP,2026/09/24,Phone Call Made->Account Holder->Cellphone->Debtor direct->Type of Payment->Obtained PTP,2026/09/24,SMS Status: DELIVRD - FINCHOICE PAST DUE SMS 28 09 26.txt,2026/09/28,60,0.00,,2025/12/30,2026/08/01,1621.41,2026/09/24,2026/09/25,250.00,,srs1631p,16922,PTP Overdue,Legal,D4,https://url.za.m.mimecastprotect.com/s/nVyxCWn1B2U6gV5VSWTkkiow0Jt,BIK02032,MR,Z,,ZUKISA,BIKITSHA,7905045688085,,,,,,,,,,,,,,,Paid on 25th,0.00,0,1,45,,0,5,6,0838980780,0215914441,,,zukisabikitsha6@gmail.com,,MobiMoney,,,0.00,,BIK02032,,NO,,,,,,,
4965461,16256445,959990084076589,2026/09/15,2024/01/26,9999,0,951119549654610,Finchoice,Settlement,Possible Payment/Negotiation in Process,,,2026/09/23,0,0,4375.48,1630.40,163.04,2024/10/10,Phone Call Made->Account Holder->Cellphone->Debtor direct->Type of Payment->Obtained PTP,2026/09/23,Phone Call Made->Account Holder->Cellphone->Left Message->Voicemail Lite,2026/09/26,SMS Status: DELIVRD - FINCHOICE PAST DUE SMS 28 09 26.txt,2026/09/28,15,0.00,,2026/06/04,2026/09/15,1630.40,2026/09/23,2026/09/25,1304.32,,srs1687p,16922,PTP Overdue,Legal,D4,https://url.za.m.mimecastprotect.com/s/xqtPCX6PV3H4yWXWUvULLiWIWOn,NDO09457,MS,M,,MOYAHABO,NDOU,7711260541086,,,,,,,,,,,,,,,Paid on 25th,0.00,0,1,48,,0,2,5,0712971902,0736823717,,,kethlotswe@gmail.com,,MobiMoney Restructure,,,0.00,,NDO09457,,NO,,,,,,,
4910830,23907304,959990212312724,2026/08/01,2025/12/03,9999,0,951119549108302,Finchoice,Trace Data,Trace Positive,,,2026/08/22,0,1,1172.50,1659.35,165.94,2026/05/09,Phone Call Made->Account Holder->Cellphone->Debtor direct->Type of Payment->Obtained PTP,2026/09/01,Send SMS->Banking Details,2026/09/01,SMS Status: UNDELIV - FINCHOICE PAST DUE SMS 28 09 26.txt,2026/09/28,60,0.00,,,2026/08/01,1659.35,2026/09/01,2026/09/25,830.00,,srs1631p,16922,PTP Overdue,Legal,D4,https://url.za.m.mimecastprotect.com/s/RsNyCY6ZX4HDJwLwFycJJixo2dh,JUK00286,MR,L,,LWANDO,JUKU,0102156439089,,,,,,,,,,,,,,,Paid on 25th,0.00,0,1,2,,0,1,3,0627278239,,,,lwandojuku5@gmail.com,,MobiMoney,,,0.00,,JUK00286,,NO,,,,,,,
4902293,21009225,959990121814554,2026/07/24,2025/04/29,9999,0,951119549022933,Finchoice,Trace Data,Trace Positive,,,2026/08/12,0,2,1747.25,1669.10,166.91,2025/11/10,Phone Call Made->Account Holder->Cellphone->Debtor direct->Type of Payment->Obtained PTP,2026/09/14,Phone Call Made->Account Holder->Cellphone->No Response->No Reply,2026/09/26,SMS Status: DELIVRD - FINCHOICE REMINDERS SMS 28 09 26.txt,2026/09/28,68,0.00,,2025/05/31,2026/07/24,1669.10,2026/09/14,2026/09/28,500.00,,srs1634p,16922,PTP Overdue,Legal,D4,https://url.za.m.mimecastprotect.com/s/n_EFCZ4gX5H7V050uOfVViB9-Bi,NIE06238,MS,A,,ALBERTUS,NIETSCHE,8608115012082,,,,,,,,,HANDYTWAKKIE@GMAIL.COM,,,,HANDYTWAKKIE@GMAIL.COM                  ,,Paid on 25th,0.00,0,1,16,,0,3,5,0838421476,,,,handytwakkie@mail.com,,MobiMoney,,,0.00,,NIE06238,,NO,,,,,,,
4892842,20406836,959990121536231,2026/07/24,2025/03/07,9999,0,951119548928429,Finchoice,Trace Data,Trace Positive,,,2026/08/12,0,2,1466.60,1702.43,170.24,2026/02/10,Phone Call Made->Account Holder->Cellphone->Debtor direct->Type of Payment->Obtained PTP,2026/09/07,Send SMS->Banking Details,2026/09/07,SMS Status: DELIVRD - FINCHOICE PAST DUE SMS 28 09 26.txt,2026/09/28,68,0.00,,2026/03/24,2026/07/24,1702.43,2026/09/07,2026/09/25,150.00,,srs1655p,16922,PTP Overdue,Legal,D4,https://url.za.m.mimecastprotect.com/s/BgzPC1jM75H6DlMlSJhppiVhGKS,OLY01528,MR,S,,SALMON,OLYN,8012095198088,,,,,,,,,SALMON.OLYN@GMAIL.COM,,,,,,Paid on 25th,0.00,0,1,22,,0,2,5,0716904472,,,,olynsalmon@gmail.com,,Finchoice Restructure,,,0.00,,OLY01528,,NO,,,,,,,
4900124,18312197,959990144134527,2026/07/24,2024/08/26,9999,0,951119549001242,Finchoice,,,,,,0,2,4557.14,1788.00,178.80,2026/02/10,Phone Call Made->Account Holder->Other->Debtor direct->Type of Payment->Obtained PTP,2026/09/11,Send SMS->Banking Details,2026/09/11,SMS Status: DELIVRD - FINCHOICE PAST DUE SMS 28 09 26.txt,2026/09/28,68,0.00,,2026/02/03,2026/07/24,1788.00,2026/09/11,2026/09/26,150.00,,srs1688p,16922,PTP Overdue,Legal,D4,https://url.za.m.mimecastprotect.com/s/iacZC2RXJ6tVJgpgfKi33i5nt81,PUB00038,MS,K,,KAYLENE,PUBALAN,0112130559084,,,,,,,,,,,,,,,Paid on 26th,0.00,0,1,36,,0,4,6,0692389138,,,,kaylenepubalan01@gmail.com,,6 Month Flexi,,,0.00,,PUB00038,,NO,,,,,,,
4896662,20096526,959990086384262,2026/07/24,2025/02/08,9999,0,951119548966627,Finchoice,Settlement,Settlement Accepted,,,2026/09/11,0,2,1747.25,1799.89,179.99,2026/02/10,Incoming correspondence->Received E-mail->Debtor direct->Obtained Information->Other,2026/09/11,Supervisor Action->E-mail Sent,2026/09/11,SMS Status: DELIVRD - FINCHOICE PAST DUE SMS 28 09 26.txt,2026/09/28,68,0.00,,2025/08/26,2026/07/24,1799.89,2026/09/11,2026/09/26,1440.00,,srs002,16922,PTP Overdue,Legal,D4,https://url.za.m.mimecastprotect.com/s/5u2nC3l3J7CXJOpOUksZZiQzgQJ,COS00961,MR,A,,ALPHA,COSSA,9101285586084,,,,,,,,,,,,,,,Paid on 25th,0.00,0,1,39,,0,4,5,0766369331,,,,alphasolomon23@gmail.com,,6 Month Flexi,,,0.00,,COS00961,,NO,,,,,,,
4898140,19396948,959990109381758,2026/07/24,2024/12/04,9999,0,951119548981402,Finchoice,Trace Data,Trace Positive,,,2026/08/12,0,2,2396.67,1817.45,181.75,2025/12/09,Phone Call Made->Account Holder->Cellphone->Debtor direct->Type of Payment->Obtained PTP,2026/09/18,Phone Call Made->Account Holder->Cellphone->Left Message->Voicemail Lite,2026/09/26,SMS Status: DELIVRD - FINCHOICE PAST DUE SMS 28 09 26.txt,2026/09/28,68,0.00,,2026/03/25,2026/07/24,1817.45,2026/09/18,2026/09/25,200.00,,srs1691p,16922,PTP Overdue,Legal,D4,https://url.za.m.mimecastprotect.com/s/6881C482KgfzQqBqU9tGGi4A2Qg,MA630673,MS,O,,OBAKENG,MASHIYA,8512025686086,,,,,,,,,,,,,,,Paid on 31st,0.00,1,7,7,,0,2,3,0715590113,,,,obakeng.joseph640@gmail.com,,MobiMoney Restructure,,,0.00,,MA630673,,NO,,,,,,,
4904549,21181806,959990067664161,2026/07/24,2025/05/13,9999,0,951119549045496,Finchoice,,,,,,0,2,1353.33,1856.96,185.70,2025/10/10,Phone Call Made->Account Holder->Cellphone->Debtor direct->Type of Payment->Obtained PTP,2026/09/05,Phone Call Made->Account Holder->Cellphone->No Response->No Reply,2026/09/28,CALLED - RANG NO ANSWER,2026/09/28,68,0.00,,,2026/07/24,1856.96,2026/09/05,2026/09/25,1485.00,,srs0996p,16922,PTP Overdue,Legal,D4,https://url.za.m.mimecastprotect.com/s/I3jTC58M0jfMQ2Z2u0uqqikfx4A,PET13436,MR,L,,LUVUYO,PETER,8504175518086,,,,,,,,,,,,,,,Paid on 22nd,0.00,0,1,17,,0,2,3,0615394672,,,,mrpeter4059@gmail.com,,Finchoice Restructure,,,0.00,,PET13436,,NO,,,,,,,
4908634,24059805,959990081127955,2026/08/01,2025/12/17,9999,0,951119549086342,Finchoice,Trace Data,Trace Positive,,,2026/08/22,0,1,1344.95,1868.01,186.80,2026/06/09,Phone Call Made->Account Holder->Cellphone->Debtor direct->Type of Payment->Obtained PTP,2026/09/25,Send SMS->Banking Details,2026/09/25,SMS Status: DELIVRD - FINCHOICE REMINDERS SMS 28 09 26.txt,2026/09/28,60,0.00,,,2026/08/01,1868.01,2026/09/25,2026/09/27,190.00,,srs1634p,16922,PTP Overdue,Legal,D4,https://url.za.m.mimecastprotect.com/s/tdlkC66MVkHPAqrqfKC77i5EPSn,ROO04168,MR,J,,JAN,ROODE,8807185046083,,,,,,,,,C.E.ROODE1993@GMAIL.COM,,,,,,Paid on 31st,0.00,1,2,25,,0,6,7,0652760447,,,,Janroode88@gmail.com,,MobiMoney Restructure,,,0.00,,ROO04168,,NO,,,,,,,
4901150,21092468,959990216281008,2026/07/24,2025/05/05,9999,0,951119549011506,Finchoice,Trace Data,Trace Positive,Customer Class,Pensioner,2026/08/12,0,2,2235.38,1888.56,188.86,2026/03/09,Phone Call Made->Account Holder->Cellphone->Debtor direct->Type of Payment->Obtained PTP,2026/09/23,Send SMS->Contact Us,2026/09/23,SMS Status: DELIVRD - FINCHOICE REMINDERS SMS 28 09 26.txt,2026/09/28,68,0.00,,2025/09/02,2026/07/24,1888.56,2026/09/23,2026/09/28,50.00,,srs0080ap,16922,PTP Overdue,Legal,D4,https://url.za.m.mimecastprotect.com/s/MjXZC76MJlHzxwAwUwF33ioSNNY,BAH01958,MR,K,,KANTORO,BAHUMI,6107015960088,,,,,,,,,,,,,,,Paid on the 7th,0.00,0,1,18,,0,2,5,0792947282,,,,William@gmail.com,,Finchoice Restructure,,,0.00,,BAH01958,,NO,,,,,,,
4899427,20561846,959990113148771,2026/07/24,2025/03/22,9999,0,951119548994272,Finchoice,Trace Data,Trace Positive,,,2026/08/12,0,2,2034.44,1931.29,193.13,2026/01/10,Phone Call Made->Account Holder->Cellphone->Debtor direct->Type of Payment->Obtained PTP,2026/09/14,Dialer Comments->Account Holder->Cellphone->Answering Machine,2026/09/14,SMS Status: DELIVRD - FINCHOICE PAST DUE SMS 28 09 26.txt,2026/09/28,68,0.00,,2025/07/22,2026/07/24,1931.29,2026/09/14,2026/09/25,150.00,,srs0050ap,16922,PTP Overdue,Legal,D4,https://url.za.m.mimecastprotect.com/s/ghlUC8qgYmhXZE6EU8HggiyLRtF,JAC34822,MS,S,,SADIA,JACOBS,9107030137081,,,,,,,,,,,,,,,Paid on 25th,0.00,0,1,25,,0,4,5,0817647805,,,,missmolte03@gmail.com,,MobiMoney,,,0.00,,JAC34822,,NO,,,,,,,
4965485,12223682,959990075064040,2026/09/15,2022/10/31,9999,0,951119549654859,Finchoice,Debit Order,Debit Order,,,2026/09/23,0,0,4534.75,1943.72,194.37,2025/11/10,Phone Call Made->Account Holder->Cellphone->Debtor direct->Type of Payment->Obtained DebiCheck Debit Order,2026/09/23,Send SMS->Banking Details,2026/09/23,SMS Status: DELIVRD - FINCHOICE PAST DUE SMS 28 09 26.txt,2026/09/28,15,0.00,,2026/06/04,2026/09/15,1943.72,2026/09/23,2026/09/25,235.00,,srs1687p,6840,AGE 0 - 3+ DEBIT ORDER PEND,Legal,D4,https://url.za.m.mimecastprotect.com/s/ntLiC98jXnfzgDkDU5INNiq_Afp,KLE03771,MS,T,,THEMBEKA,KLEM,8802090929085,,,,,,,,,,,,,,,Paid on 25th,0.00,0,1,31,,0,2,6,0780055612,0871580638,0833407150,,noemail@fc.com,,24 Month Personal,2026/10/26,2026/09/23,235.00,srs1687p,KLE03771,,NO,,,,,,,
4915375,23496733,959990109863391,2026/08/01,2025/11/07,9999,0,951119549153753,Finchoice,,,,,,0,1,1747.25,1958.73,195.87,2026/06/09,Phone Call Made->Account Holder->Cellphone->Debtor direct->Type of Payment->Obtained PTP,2026/09/14,Phone Call Made->Account Holder->Cellphone->No Response->Disconnected,2026/09/30,SMS Status: DELIVRD - FINCHOICE PAST DUE SMS 28 09 26.txt,2026/09/28,60,0.00,,2025/12/27,2026/08/01,1958.73,2026/09/14,2026/09/26,100.00,,srs1688p,16922,PTP Overdue,Legal,D4,https://url.za.m.mimecastprotect.com/s/q4J-C0gM34UkDpGpTXSPPi9Y3cC,FUL01588,MR,Z,,ZIBONGILE,FULANI,8105055316086,,,,,,,,,,,,,,,Paid on 26th,0.00,0,1,23,,0,3,5,0603164651,,,,zibongilemikef@gmail.com,,6 Month Flexi,,,0.00,,FUL01588,,NO,,,,,,,
4897253,20620884,959990132219256,2026/07/24,2025/03/27,9999,0,951119548972534,Finchoice,Trace Data,Trace Positive,,,2026/08/12,0,2,1747.25,1999.56,199.96,2025/11/10,Phone Call Made->Account Holder->Cellphone->Debtor direct->Type of Payment->Obtained PTP,2026/08/31,Phone Call Made->Account Holder->Cellphone->No Response->No Reply,2026/08/31,SMS Status: DELIVRD - FINCHOICE PAST DUE SMS 28 09 26.txt,2026/09/28,68,0.00,,2025/05/24,2026/07/24,1999.56,2026/08/31,2026/09/26,100.00,,srs1655p,16922,PTP Overdue,Legal,D4,https://url.za.m.mimecastprotect.com/s/68_xCg5yXvHqxDADuMTkki48BtR,GOV25120,MS,N,,NOLAN,GOVENDER,9411065099087,,,,,,,,,,,,,,,Paid on 29th,0.00,0,1,0,,0,1,2,0826895163,,,,nolanyg@gmail.com,,6 Month Flexi,,,0.00,,GOV25120,,NO,,,,,,,
4610535,12860610,959990093430306,2026/01/15,2023/01/25,36,0,951119546105350,Finchoice,,,,,,0,8,9078.38,2030.44,203.04,,Whats App->Incoming->Debtor direct->Other,2026/08/25,Phone Call Made->Account Holder->Cellphone->No Response->No Reply,2026/09/26,SMS Status: DELIVRD - FINCHOICE PAST DUE SMS 28 09 26.txt,2026/09/28,258,250.00,2026/08/25,2026/08/25,2026/01/15,3980.44,2026/08/29,2026/09/25,250.00,,srs002,16922,PTP Overdue,Legal,D4,https://url.za.m.mimecastprotect.com/s/HSyrCj2BJyiYMVnVsrUAAim1XRI,ASH00523,MS,R,,ROEKSHANA,ASHLEY,9205060241086,,,,,,,,,,,,,,,Paid on 31st,0.00,0,1,1,2026/09/30,0,1,2,0722905153,0219337404,0413671116,,roekshanaa@gmail.com,,12 Month Flexi,,,0.00,,ASH00523,,NO,,,,,,,
4914277,23875271,959990117812745,2026/08/01,2025/12/02,9999,0,951119549142772,Finchoice,,,,,,0,1,1747.25,2031.09,203.11,2026/05/09,Whats App->Incoming->Debtor direct->Type of Payment->Obtained PTP,2026/09/01,Whats App->Incoming->Debtor direct->Type of Payment->Obtained PTP,2026/09/01,SMS Status: DELIVRD - FINCHOICE REMINDERS SMS 28 09 26.txt,2026/09/28,60,0.00,,,2026/08/01,2031.09,2026/09/01,2026/09/28,100.00,,srs080,16922,PTP Overdue,Legal,D4,https://url.za.m.mimecastprotect.com/s/xXVDCk5gMzHk6POPT5cnniGCYhz,PIE20987,MR,C,,CAMERON JAROOD,PIETERS,9706195102085,,,,,,,,,,,,,,,Paid on 25th,0.00,0,1,2,,0,1,2,0663569490,,,,cameronjarrodpieters@gmail.com,,MobiMoney,,,0.00,,PIE20987,,NO,,,,,,,
4901977,21098780,959990191067687,2026/07/24,2025/05/05,9999,0,951119549019772,Finchoice,,,,,,0,2,1747.25,2033.69,203.37,2026/01/10,Phone Call Made->Account Holder->Cellphone->Debtor direct->Type of Payment->Obtained PTP,2026/09/21,Phone Call Made->Account Holder->Cellphone->Left Message->Voicemail Lite,2026/09/28,CALLED 0765194592 - RANG VOICEMAIL LEFT MSG,2026/09/28,68,0.00,,2025/07/25,2026/07/24,2033.69,2026/09/21,2026/09/25,1682.00,,srs1686p,16922,PTP Overdue,Legal,D4,https://url.za.m.mimecastprotect.com/s/VVEDClO06Ai15j2js2fMMizcxFH,MOE30363,MS,M,,MALEBEISO ANNACLETTA,MOELESO,9101240493087,,,,,,,,,,,,,,,Paid on 25th,0.00,0,1,30,,0,4,4,0765194592,,,,annaclettamm@gmail.com,,MobiMoney,,,0.00,,MOE30363,,NO,,,,,,,
4965464,17354409,959990130859509,2026/09/15,2024/05/23,9999,0,951119549654644,Finchoice,Trace Data,Trace Positive,,,2026/09/17,0,0,3307.88,2043.05,204.31,2025/02/10,Phone Call Made->Account Holder->Cellphone->Debtor direct->Type of Payment->EasyPay,2026/09/18,Phone Call Made->Account Holder->Cellphone->No Response->No Reply,2026/09/30,SMS Status: DELIVRD - FINCHOICE REMINDERS SMS 28 09 26.txt,2026/09/28,15,0.00,,2026/06/04,2026/09/15,2043.05,2026/09/18,2026/09/28,150.00,,srs1655p,16922,PTP Overdue,Legal,D4,https://url.za.m.mimecastprotect.com/s/u8PTCmwkXBfpK9j9TG5h88iRv1tw,MUL25610,MS,S,,SLINDILE,MULLINER,8910040547087,,,,,,,,,,,,,,,Paid on 29th,0.00,0,1,16,,0,2,7,0846329576,,,,scmulliner89@gmail.com,,Finchoice Restructure,,,0.00,,MUL25610,,NO,,,,,,,
4915676,23536334,959990028563627,2026/08/01,2025/11/11,9999,0,951119549156764,Finchoice,Settlement,Possible Payment/Negotiation in Process,Trace Data,Trace Positive,2026/09/23,0,1,2862.25,2078.21,207.82,2026/05/09,Phone Call Made->Account Holder->Cellphone->Debtor direct->Type of Payment->Obtained PTP,2026/09/22,Send SMS->Banking Details,2026/09/22,SMS Status: EXPIRED - FINCHOICE REMINDERS SMS 28 09 26.txt,2026/09/28,60,0.00,,2025/11/25,2026/08/01,2078.21,2026/09/22,2026/09/28,1662.57,,srs1687p,16922,PTP Overdue,Legal,D4,https://url.za.m.mimecastprotect.com/s/_4QhCnZlJDUXqk7kU99iQQiJnTWj,SEN04007,MS,P,,PALESA,SENGOATSI,9102260351080,,,,,,,,,,,,,,,Paid on 28th,0.00,0,1,36,,0,4,5,0619415417,0102060176,,,palesa.sengoatsi@gmail.com,,MobiMoney,,,0.00,,SEN04007,,NO,,,,,,,
4911458,23520317,,2026/08/01,2025/11/10,33,0,951119549114581,Finchoice,,,,,,0,1,1747.25,2081.15,208.12,2026/05/09,Whats App->Incoming->Debtor direct->Type of Payment->Obtained PTP,2026/09/07,Whats App->Incoming->Debtor direct->Type of Payment->Obtained PTP,2026/09/07,SMS Status: EXPIRED - FINCHOICE REMINDERS SMS 28 09 26.txt,2026/09/28,60,231.00,2026/08/28,2026/08/28,2026/08/01,2312.15,2026/09/07,2026/09/27,300.00,,srs080,16922,PTP Overdue,Legal,D4,https://url.za.m.mimecastprotect.com/s/ukLyCoYmJETDLQrQF1zsqqipLh20,EZE00331,MR,P,,PRINCE,EZEH,0111265757083,,,,,,,,,,,,,,,Paid on 27th,0.00,0,1,8,,0,1,2,0768305811,,,,princeezeh123@gmail.com,,MobiMoney,,,0.00,,EZE00331,,NO,,,,,,,
4666215,21144239,959990097617338,2026/02/23,2025/05/09,96,0,951119546662152,Finchoice,Trace Data,Trace Positive,,,2026/08/12,0,7,1747.25,2084.18,208.42,,Phone Call Made->Account Holder->Cellphone->Debtor direct->Type of Payment->Obtained PTP,2026/09/10,Phone Call Made->Account Holder->Cellphone->Debtor direct->Type of Payment->Obtained PTP,2026/09/10,SMS Status: DELIVRD - FINCHOICE PAST DUE SMS 28 09 26.txt,2026/09/28,219,150.00,2026/06/26,2026/06/26,2026/02/23,2234.18,2026/09/10,2026/09/26,150.00,,srs1639p,16922,PTP Overdue,Legal,D4,https://url.za.m.mimecastprotect.com/s/4Q4NCpgnVGU9N7n7hPYt22iGaeSJ,RYK00457,MS,Y,,YUMNA,RYKLIFF,8301010136087,,,,,,,,,YUMNA.SAIET@ABSA.CO.ZA,,,,,,Paid on 31st,0.00,0,1,23,,0,3,3,0677723063,,,,Yumnasaiet88@gmail.com,,6 Month Flexi,,,0.00,,RYK00457,,NO,,,,,,,
4645561,16859936,959990087626570,2026/02/17,2024/03/30,27,0,951119546455615,Finchoice,Customer Class,Employment Confirmed,,,2026/07/15,0,7,7740.38,2124.57,212.46,,Phone Call Made->Account Holder->Cellphone->Debtor direct->Type of Payment->Obtained PTP,2026/09/16,Send SMS->Banking Details,2026/09/16,SMS Status: DELIVRD - FINCHOICE PAST DUE SMS 28 09 26.txt,2026/09/28,225,200.00,2026/09/03,2026/09/03,2026/02/17,3524.57,2026/09/16,2026/09/25,200.00,,srs1632p,16922,PTP Overdue,Legal,D4,https://url.za.m.mimecastprotect.com/s/-DDBCqjo8JH1PV8VsZEuKKiEb0po,TIK00975,MR,L,,LUCKY,TIKIZA,8709275794087,,,,,,,,,,,,,,,Paid on 30th,200.00,0,1,26,,0,1,4,0781093804,,,,luckytikiza198709@gmail.com,,MobiMoney,,,0.00,,TIK00975,,NO,,,,,,,
4895775,20975774,959990205971023,2026/07/24,2025/04/25,9999,0,951119548957758,Finchoice,Trace Data,Trace Positive,,,2026/08/12,0,2,1747.25,2124.85,212.49,2026/01/10,Whats App->Incoming->Debtor direct->Type of Payment->Obtained PTP,2026/09/15,Whats App->Incoming->Debtor direct->Type of Payment->Obtained PTP,2026/09/15,SMS Status: DELIVRD - FINCHOICE REMINDERS SMS 28 09 26.txt,2026/09/28,68,0.00,,2025/07/25,2026/07/24,2124.85,2026/09/15,2026/09/28,250.00,,srs1655p,16922,PTP Overdue,Legal,D4,https://url.za.m.mimecastprotect.com/s/_7yPCr0p7Kfr0W8WU7jC66i4vsjB,NGO87596,MS,S,,SARAH,NGOMANE,9802030821086,,,,,,,,,,,,,,,Paid on 26th,0.00,0,1,23,,0,4,4,0795874356,,,,sarahngomane199@gmail.com,,MobiMoney,,,0.00,,NGO87596,,NO,,,,,,,
4965470,18871185,959990072708425,2026/09/15,2024/10/21,9999,0,951119549654701,Finchoice,,,,,,0,0,7355.70,2144.29,214.43,2025/05/09,Phone Call Made->Account Holder->Cellphone->Debtor direct->Type of Payment->Obtained PTP,2026/09/25,Phone Call Made->Account Holder->Cellphone->Debtor direct->Type of Payment->Obtained PTP,2026/09/25,SMS Status: DELIVRD - FINCHOICE PAST DUE SMS 28 09 26.txt,2026/09/28,15,0.00,,2026/05/28,2026/09/15,2144.29,2026/09/25,2026/09/25,200.00,,srs1296p,16922,PTP Overdue,Legal,D4,https://url.za.m.mimecastprotect.com/s/qUzRCvgwJOUEjR7RuQ5FlliQK0X1,MOF25160,MS,M,,MI-LAY,MOFFAT,8302200058081,,,,,,,,,,,,,,,Paid on 25th,0.00,0,1,42,,0,2,3,0671662866,,,,milay.moffat@gmail.com,,MobiMoney,,,0.00,,MOF25160,,NO,,,,,,,
4908521,23543758,959990082529571,2026/08/01,2025/11/11,9999,0,951119549085211,Finchoice,Trace Data,Trace Positive,,,2026/08/22,0,1,1407.00,2155.18,215.52,2026/04/09,Whats App->Incoming->Debtor direct->Type of Payment->Obtained PTP,2026/09/21,Dialer Comments->Account Holder->Cellphone->Busy Signal,2026/09/21,SMS Status: DELIVRD - FINCHOICE REMINDERS SMS 28 09 26.txt,2026/09/28,60,0.00,,,2026/08/01,2155.18,2026/09/21,2026/09/28,500.00,,srs1632p,16922,PTP Overdue,Legal,D4,https://url.za.m.mimecastprotect.com/s/4C3cCwjxgPHvz2G2uVxHGGiJT2Tg,BAL26002,MR,R,,RASHIL,BALGOBIND,8510065022089,,,,,,,,,,,,,,,Paid on 28th,0.00,0,1,30,2026/09/30,0,4,5,0614282446,,,,rashilribz@gmail.com,,6 Month Flexi,,,0.00,,BAL26002,,NO,,,,,,,
4913254,23429286,959990131033062,2026/08/01,2025/11/03,9999,0,951119549132542,Finchoice,Trace Data,Trace Positive,,,2026/08/22,0,1,1584.08,2156.83,215.68,2026/04/09,Phone Call Made->Account Holder->Cellphone->Debtor direct->Type of Payment->Obtained PTP,2026/09/15,Phone Call Made->Account Holder->Cellphone->Left Message->Voicemail Lite,2026/09/25,SMS Status: DELIVRD - FINCHOICE PAST DUE SMS 28 09 26.txt,2026/09/28,60,0.00,,,2026/08/01,2156.83,2026/09/15,2026/09/25,300.00,,srs1675p,16922,PTP Overdue,Legal,D4,https://url.za.m.mimecastprotect.com/s/UOTPCxGyjQUL4z1zU8gIEEiyMGnt,MO414053,MR,M,,MOSIUWA DANIEL,MOTSOANE,8608166070088,,,,,,,,,,,,,,,Paid on 25th,0.00,0,1,14,,0,4,5,0835953434,,,,danielmotsoane1@gmail.com,,6 Month Flexi,,,0.00,,MO414053,,NO,,,,,,,
4904172,18755909,959990067789091,2026/07/24,2024/10/08,9999,0,951119549041727,Finchoice,Settlement,Settlement Accepted,,,2026/09/19,0,2,6798.20,2159.21,215.92,2026/03/09,Incoming correspondence->Received E-mail->Debtor direct->Obtained Information->Other,2026/09/19,Supervisor Action->E-mail Sent,2026/09/28,Please note that we have not received the settlement payment of R1728 as per email below. Kindly note that we require payment to be made today.,2026/09/28,68,0.00,,2025/10/02,2026/07/24,2159.21,2026/09/19,2026/09/25,1728.00,,srs002,16922,PTP Overdue,Legal,D4,https://url.za.m.mimecastprotect.com/s/IQltCy8zkRf7zprpuZxSmmixD0Hq,FOR05506,MS,M,,MARELIZE,FORD,9510300252086,,,,,,,,,,,,,,,Paid on 25th,0.00,0,1,21,,0,3,2,0616945388,,,,marelize.gregg@gmail.com,,MobiMoney,,,0.00,,FOR05506,,NO,,,,,,,
4913729,24193723,959990189011507,2026/08/01,2025/12/24,9999,0,951119549137293,Finchoice,Trace Data,Trace Positive,,,2026/08/22,0,1,1712.18,2221.82,222.18,2026/06/09,Phone call received->Response to message->Debtor direct->Type of Payment->Obtained PTP,2026/09/28,Send SMS->Banking Details,2026/09/28,SMS Status: DELIVRD - FINCHOICE PAST DUE SMS 28 09 26.txt,2026/09/28,60,0.00,,,2026/08/01,2221.82,2026/09/28,2026/09/28,300.00,,srs1577p,6821,AGE 1- PIE,Legal,D4,https://url.za.m.mimecastprotect.com/s/K4oYCzmAl0cGp7M7I47c77i9zTDg,MK24058,MR,M,,MANDLA,MKHONTO,9209175693082,,,,,,,,,,,,,,,Paid on 28th,0.00,1,2,10,,0,3,6,0712245894,,,,mkhonto_mandla@yahoo.co.za,,MobiMoney Restructure,,,0.00,,MK24058,,NO,,,,,,,
4901941,20410475,959990021188034,2026/07/24,2025/03/07,9999,0,951119549019418,Finchoice,Trace Data,Trace Positive,,,2026/08/12,0,2,1729.44,2258.06,225.81,2026/02/10,Phone Call Made->Account Holder->Cellphone->Debtor direct->Type of Payment->Obtained PTP,2026/09/17,Send SMS->Banking Details,2026/09/17,SMS Status: DELIVRD - FINCHOICE REMINDERS SMS 28 09 26.txt,2026/09/28,68,0.00,,2025/08/30,2026/07/24,2258.06,2026/09/17,2026/09/28,400.00,,srs1636p,16922,PTP Overdue,Legal,D4,https://url.za.m.mimecastprotect.com/s/jXFFCAnrOyUZ38N8uGwU99iGKgxn,MHL09305,MISS,M,,MELITA,MHLAMBI,9101310377087,,,,,,,,,,,,,,,Paid on 28th,0.00,0,1,26,,0,4,5,0817996131,0588212002,,,melitamelita421@gmail.com,,6 Month Flexi,,,0.00,,MHL09305,,NO,,,,,,,
4914849,23578580,959990087878874,2026/08/01,2025/11/14,9999,0,951119549148498,Finchoice,Trace Data,Trace Positive,,,2026/08/22,0,1,1747.25,2260.83,226.08,2026/04/09,Phone Call Made->Account Holder->Cellphone->Debtor direct->Type of Payment->Obtained PTP,2026/08/31,Send SMS->Banking Details,2026/08/31,SMS Status: DELIVRD - FINCHOICE PAST DUE SMS 28 09 26.txt,2026/09/28,60,0.00,,,2026/08/01,2260.83,2026/08/31,2026/09/26,300.00,,srs1639p,16922,PTP Overdue,Legal,D4,https://url.za.m.mimecastprotect.com/s/NWaECBgvEzUD9y7yFzpcyyi2jFx8,MPE07590,MS,S,,SIPHOSIHLE,MPEKWENI,9404230434081,,,,,,,,,,,,,,,Paid on 26th,0.00,0,1,0,,0,1,2,0681555934,,,,mpekwenisiphosihle23@gmail.com,,MobiMoney,,,0.00,,MPE07590,,NO,,,,,,,
4908067,24431273,959990081562805,2026/08/01,2026/01/12,9999,0,951119549080675,Finchoice,,,,,,0,1,1747.25,2265.25,226.53,2026/06/09,Phone Call Made->Account Holder->Cellphone->Debtor direct->Type of Payment->Obtained PTP,2026/08/18,Phone Call Made->Account Holder->Cellphone->Debtor direct->Type of Payment->Obtained PTP,2026/08/18,SMS Status: DELIVRD - FINCHOICE REMINDERS SMS 28 09 26.txt,2026/09/28,60,0.00,,,2026/08/01,2265.25,2026/08/18,2026/09/27,350.00,,srs1632p,16922,PTP Overdue,Legal,D4,https://url.za.m.mimecastprotect.com/s/tgWsCDRxEBtoKy5yuW6fGGijErsE,MKH61232,MS,S,,SIBUSISIWE,MKHIZE,9602290437080,,,,,,,,,,,,,,,Paid on 27th,0.00,0,1,0,,0,1,2,0713783064,,,,sibusimkhize@gmail.com,,MobiMoney,,,0.00,,MKH61232,,NO,,,,,,,
4915769,23403879,959990045339290,2026/08/01,2025/11/03,9999,0,951119549157697,Finchoice,,,,,,0,1,1747.25,2299.75,229.98,2026/04/09,Phone Call Made->Account Holder->Cellphone->Debtor direct->Type of Payment->Obtained PTP,2026/09/01,Supervisor Action->E-mail Sent,2026/09/02,SMS Status: DELIVRD - FINCHOICE PAST DUE SMS 28 09 26.txt,2026/09/28,60,0.00,,,2026/08/01,2299.75,2026/09/01,2026/09/25,150.00,,srs1628p,16922,PTP Overdue,Legal,D4,https://url.za.m.mimecastprotect.com/s/YPIGCElyQDClJY3YCNJhGGi7ZHde,MOT59682,MS,M,,MAPHEFO,MOTEODI,8809270841089,,,,,,,,,,,,,,,Paid on 25th,0.00,0,1,4,,0,1,2,0782662383,,,,dorcasmaphefo@gmail.com,,MobiMoney,,,0.00,,MOT59682,,NO,,,,,,,
4897423,12604301,959990038787703,2026/07/24,2022/12/20,34,0,951119548974233,Finchoice,Trace Data,Trace Positive,,,2026/08/12,0,2,37710.43,2345.67,234.57,2025/02/10,Phone Call Made->Account Holder->Cellphone->Debtor direct->Type of Payment->Obtained PTP,2026/08/24,Phone Call Made->Account Holder->Cellphone->No Response->Line faulty,2026/09/30,"female adv dr is not available , no alt number",2026/09/30,68,250.00,2026/08/27,2026/08/27,2026/07/24,2595.67,2026/08/29,2026/09/25,250.00,,srs1636p,16922,PTP Overdue,Legal,D4,https://url.za.m.mimecastprotect.com/s/6pxACGZAKGUBp616iKEimmiBUM9t,GOV06581,MR,A,,ALAN,GOVENDER,6909035220082,,,,,,,,,,,,,,,Paid on 25th,0.00,0,1,7,,0,1,4,0790736125,0329433467,,0653676310,govendersandy01@gmail.com,,12 Month Flexi,,,0.00,,GOV06581,,NO,,,,,,,
4909656,23541599,959990013980653,2026/08/01,2025/11/11,9999,0,951119549096564,Finchoice,Trace Data,Trace Positive,,,2026/08/22,0,1,1747.25,2390.70,239.07,2026/05/09,Phone Call Made->Account Holder->Cellphone->Debtor direct->Type of Payment->Obtained PTP,2026/09/15,Send SMS->Banking Details,2026/09/15,SMS Status: DELIVRD - FINCHOICE PAST DUE SMS 28 09 26.txt,2026/09/28,60,0.00,,2025/11/28,2026/08/01,2390.70,2026/09/15,2026/09/26,200.00,,srs1688p,16922,PTP Overdue,Legal,D4,https://url.za.m.mimecastprotect.com/s/kWomCJZ1XLUBmVqViV5s33iyEfK4,NTW00265,MNR,L,,LUNGISANI,NTWENI,6604145547082,,,,,,,,,,,,,,,Paid on 26th,0.00,0,1,13,,0,4,5,0605823193,0436837366,,,ntwenilungisani@gmail.com,,6 Month Flexi,,,0.00,,NTW00265,,NO,,,,,,,
4741837,15919801,959990124715360,2026/04/07,2023/12/14,97,0,951119547418372,Finchoice,Debit Order,Debit Order,Customer Class,Employment Confirmed,2026/04/13,0,5,6648.96,2409.94,240.99,2025/10/10,Phone Call Made->Account Holder->Cellphone->Debtor direct->Type of Payment->Obtained PTP,2026/09/15,Phone Call Made->Account Holder->Cellphone->Other Person->Co-worker->Obtained Information->Other,2026/09/30,lady adv that she will pay today,2026/09/30,176,400.00,2026/06/25,2026/06/25,2026/04/07,3209.94,2026/09/15,2026/09/25,400.00,,srs1655p,16922,PTP Overdue,Legal,D4,https://url.za.m.mimecastprotect.com/s/iwARCKOGEMiDv626FM7tBBi5LY-W,DIT10364,MS,G,,GLORIA,DITTERHOUT,8002021920085,,,,,,,,,,,,,,,Paid on 25th,0.00,0,1,50,,0,2,7,0720485476,,,,noemail@gmail.com,,HomeChoice Restructure,,,0.00,,DIT10364,,NO,,,,,,,
4901537,20483684,959990139867214,2026/07/24,2025/03/15,9999,0,951119549015374,Finchoice,,,,,,0,2,1747.25,2425.62,242.56,2026/02/10,Phone Call Made->Account Holder->Cellphone->Debtor direct->Type of Payment->Obtained PTP,2026/09/21,Phone Call Made->Account Holder->Cellphone->No Response->No Reply,2026/09/28,CALLED 0724025210 - RANG NO ANSWER,2026/09/28,68,0.00,,2025/08/23,2026/07/24,2425.62,2026/09/21,2026/09/25,1941.00,,srs1655p,16922,PTP Overdue,Legal,D4,https://url.za.m.mimecastprotect.com/s/DejWCLgGBNUkp7R7TBouDDiyjFy_,VUM03938,MR,V,,VUESILI,VUMAHLENI,7911195289088,,,,,,,,,,,,,,,Paid on 25th,0.00,0,1,38,,0,4,5,0724025210,0537120603,,,aronvuisile19@gmail.com,,6 Month Flexi,,,0.00,,VUM03938,,NO,,,,,,,
4901793,19804782,959990006225009,2026/07/24,2025/01/15,9999,0,951119549017933,Finchoice,Trace Data,Trace Positive,,,2026/08/12,0,2,4588.30,2496.97,249.70,2026/01/10,Phone Call Made->Account Holder->Cellphone->Debtor direct->Type of Payment->Obtained PTP,2026/09/23,Phone Call Made->Account Holder->Cellphone->Other Person->Co-worker->Obtained Information->Other,2026/09/25,spk to dr-- pmt reminder,2026/09/25,68,0.00,,2025/07/25,2026/07/24,2496.97,2026/09/23,2026/09/28,100.00,,srs1688p,16922,PTP Overdue,Legal,D4,https://url.za.m.mimecastprotect.com/s/PQyFCMjXB0H207q7uwXCZZi8iM7o,MBE01488,MS,MRE,,MAMPHO,MBETHE,8509031108089,,,,,,,,,RESPECT.MBETHE@YAHOO.COM,,,,,,Paid on 28th,0.00,0,1,53,,0,6,6,0730400680,,,,mbethemampho8@gmail.com,,Finchoice Restructure,,,0.00,,MBE01488,,NO,,,,,,,
4740663,20655579,959990131031827,2026/04/07,2025/03/28,32,0,951119547406633,Finchoice,,,,,,0,5,3405.73,2596.92,259.69,2025/09/09,Incoming correspondence->Received E-mail->Debtor direct->Type of Payment->Obtained PTP,2026/07/09,Phone Call Made->Account Holder->Cellphone->Left Message->Voicemail Lite,2026/09/30,cell---vm/lite,2026/09/30,176,300.00,2026/08/29,2026/08/29,2026/04/07,3496.92,2026/09/02,2026/09/28,300.00,,srs002,16922,PTP Overdue,Legal,D4,https://url.za.m.mimecastprotect.com/s/x-FHCNxG1PiZrz0zumXF22iyFOm2,VA64493,MS,R,,ROBIN,VAN HOUTEN,9508280032080,FINANCIAL ADMINISTRATOR,,,,,,,,,,,,,,Paid on 26th,0.00,0,1,2,,0,1,2,0785240086,,,,robinvh7@gmail.com,,MobiMoney Restructure,,,0.00,,VA64493,,NO,,,,,,,
4908277,23893791,959990103249704,2026/08/01,2025/12/03,9999,0,951119549082770,Finchoice,Trace Data,Trace Positive,,,2026/08/22,0,1,2047.55,2625.22,262.52,2026/05/09,Phone Call Made->Account Holder->Cellphone->Debtor direct->Type of Payment->Obtained PTP,2026/09/23,Phone Call Made->Account Holder->Cellphone->Other Person->Co-worker->Obtained Information->Other,2026/09/30,other---male adv to call dr on his cell,2026/09/30,60,0.00,,,2026/08/01,2625.22,2026/09/23,2026/09/26,300.00,,srs1655p,16922,PTP Overdue,Legal,D4,https://url.za.m.mimecastprotect.com/s/w-IuCO7G9QUN9MpMhEDHBBiGPlrJ,MA567141,MR,P,,PRIDE,MATSANE,9106115973089,,,,,,,,,,,,,,,Paid on 28th,0.00,1,2,49,,0,5,7,0799797235,0763012541,0131010087,,pridematsane.mp@gmail.com,,Finchoice Restructure,,,0.00,,MA567141,,NO,,,,,,,
4913576,24325063,959990145491181,2026/08/01,2026/01/05,9999,0,951119549135768,Finchoice,Trace Data,Trace Positive,,,2026/08/22,0,1,2153.59,2626.80,262.68,2026/06/09,Phone Call Made->Account Holder->Cellphone->Debtor direct->Type of Payment->Obtained PTP,2026/09/02,Phone Call Made->Account Holder->Cellphone->No Response->No Reply,2026/09/26,SMS Status: DELIVRD - FINCHOICE REMINDERS SMS 28 09 26.txt,2026/09/28,60,0.00,,,2026/08/01,2626.80,2026/09/02,2026/09/28,265.00,,srs1634p,16922,PTP Overdue,Legal,D4,https://url.za.m.mimecastprotect.com/s/JopkCP1GJRf0rPKPUzAIllixuEZu,VIV01696,MR,H,,HEINRICH WILLIAM,VIVIERS,8506015001082,,,,,,,,,HEINRICHV@MCMOTOR.CO.ZA,,,,,,Paid on 25th,0.00,0,3,6,,0,1,3,0714056999,,0122850138,,Heinrichwv2@gmail.com,,MobiMoney Restructure,,,0.00,,VIV01696,,NO,,,,,,,
4907371,24186335,959990036953059,2026/08/01,2025/12/24,9999,0,951119549073712,Finchoice,,,,,,0,1,1747.25,2684.43,268.44,2026/06/09,Phone Call Made->Account Holder->Cellphone->Debtor direct->Type of Payment->Obtained PTP,2026/09/22,Phone Call Made->Account Holder->Cellphone->Debtor direct->Type of Payment->Obtained PTP,2026/09/22,Changed ACW to NONE,2026/09/29,60,0.00,,,2026/08/01,2684.43,2026/09/22,2026/09/25,50.00,,srs0080ap,16922,PTP Overdue,Legal,D4,https://url.za.m.mimecastprotect.com/s/Vh9dCQ1XLVfXEYkYUx1S99iGOFgu,THA09030,MS,N,,NOXOLO,THAFENI,9107090471081,,,,,,,,,,,,,,,Paid on 31st,0.00,0,1,100,,0,6,5,0633542710,0165811479,,0698406143,noxolothafeni19@gmail.com,,6 Month Flexi,,,0.00,,THA09030,,NO,,,,,,,
4913823,24195774,,2026/08/01,2025/12/24,9999,0,951119549138234,Finchoice,Trace Data,Trace Positive,,,2026/08/22,0,1,1747.25,2711.13,271.11,2026/06/09,Phone Call Made->Account Holder->Cellphone->Debtor direct->Type of Payment->Obtained PTP,2026/09/14,Phone Call Made->Account Holder->Cellphone->Left Message->Voicemail Lite,2026/09/26,SMS Status: DELIVRD - FINCHOICE REMINDERS SMS 28 09 26.txt,2026/09/28,60,0.00,,,2026/08/01,2711.13,2026/09/14,2026/09/27,1356.00,,srs1687p,16922,PTP Overdue,Legal,D4,https://url.za.m.mimecastprotect.com/s/5JSuCRgXBWUGkxvxI9YH66i15g7l,TOM05734,MR,L,,LOYISO,TOMMY,9403175669081,,,,,,,,,,,,,,,Paid on 27th,0.00,0,1,12,,0,3,5,0789130002,,,,Loyisotommy@gmail.com,,6 Month Flexi,,,0.00,,TOM05734,,NO,,,,,,,
4897823,20927841,959990057613632,2026/07/24,2025/04/22,9999,0,951119548978234,Finchoice,Trace Data,Trace Positive,,,2026/08/12,0,2,3091.52,2762.64,276.26,2025/10/10,Phone Call Made->Account Holder->Cellphone->Debtor direct->Type of Payment->Obtained PTP,2026/09/25,Phone Call Made->Account Holder->Cellphone->Debtor direct->Type of Payment->Obtained PTP,2026/09/25,SMS Status: EXPIRED - FINCHOICE REMINDERS SMS 28 09 26.txt,2026/09/28,68,0.00,,2026/03/19,2026/07/24,2762.64,2026/09/25,2026/09/28,280.00,,srs1628p,16922,PTP Overdue,Legal,D4,https://url.za.m.mimecastprotect.com/s/h5koCVmWZ1c2LYxYuG7UrriEyjKx,HER02906,MR,F,,FREDRICK,HERDER,7104195240083,,,,,,,,,,,,,,,Paid on 15th,0.00,1,2,25,,0,6,6,0720179039,,,,frikherder.24@gmail.com,,MobiMoney Restructure,,,0.00,,HER02906,,NO,,,,,,,
4912755,23551512,959990036953059,2026/08/01,2025/11/12,9999,0,951119549127559,Finchoice,,,,,,0,1,1747.25,2830.89,283.09,2026/06/09,Phone Call Made->Account Holder->Cellphone->Debtor direct->Type of Payment->Obtained PTP,2026/09/22,Dialer Comments->Account Holder->Cellphone->Answering Machine,2026/09/22,"cell - spk to dr advised on account , debtor confirmed to a debit order of R150 to be paid to each account starting from next month , debtor will make cash payments of R50.00 to each account for this month on the 25/09 conf details , debtor tpo be sent banking details via email.",2026/09/22,60,0.00,,2025/11/25,2026/08/01,2830.89,2026/09/22,2026/09/25,50.00,,srs0080ap,16922,PTP Overdue,Legal,D4,https://url.za.m.mimecastprotect.com/s/Z_0ECWn1B2U6gV5VS6WckkioKLM_,THA09030,MS,N,,NOXOLO,THAFENI,9107090471081,,,,,,,,,,,,,,,Paid on 25th,0.00,0,1,76,,0,6,5,0633542710,0165811479,,,noxolothafeni19@gmail.com,,MobiMoney,,,0.00,,THA09030,,NO,,,,,,,
4893472,19559246,959990193374859,2026/07/24,2024/12/20,9999,0,951119548934724,Finchoice,Trace Data,Trace Positive,,,2026/08/12,0,2,6764.75,2854.34,285.43,2025/12/09,Phone Call Made->Account Holder->Cellphone->Debtor direct->Type of Payment->Obtained PTP,2026/09/05,Supervisor Action->E-mail Sent,2026/09/28,Please note that we did not receive Settlement Payments on your Finchoice accounts. Kindly note that urgent payment is required. Kindly notify me when you will settle your accounts.Thank you.,2026/09/28,68,0.00,,2025/03/28,2026/07/24,2854.34,2026/09/05,2026/09/25,2854.34,,srs1675p,16922,PTP Overdue,Legal,D4,https://url.za.m.mimecastprotect.com/s/3S0fCX6PV3H4yWXWU6vfLLiWo3GR,JOB03166,MR,A,,ANTHONY,JOB,7110225571082,,,,,,,,,,,,,,,Paid on 25th,0.00,0,1,17,,0,2,5,0732878680,,,,anthonyjob166@gmail.com,,MobiMoney,,,0.00,,JOB03166,,NO,,,,,,,
4917797,23952320,959990102434448,2026/08/01,2025/12/08,9999,0,951119549177976,Finchoice,Customer Class,Employment Confirmed,,,2026/08/07,0,1,3446.32,2959.94,295.99,2026/06/09,Phone Call Made->Account Holder->Cellphone->Debtor direct->Type of Payment->Obtained PTP,2026/09/15,Phone Call Made->Account Holder->Cellphone->No Response->No Reply,2026/09/30,Call cut,2026/09/30,60,0.00,,2025/12/26,2026/08/01,2959.94,2026/09/15,2026/09/28,400.00,,srs1686p,16922,PTP Overdue,Legal,D4,https://url.za.m.mimecastprotect.com/s/oIOSCY6ZX4HDJwLwF0yFJJixN7r0,THO27428,MR,G,,GIVEN,THOBEJANE,8612015687084,,,,,,,,,,,,,thobejanegiven@yahoo.com                ,,Paid on 28th,0.00,0,1,34,,0,5,7,0659897878,,,,seakoshengm@gmail.com,,Finchoice Restructure,,,0.00,,THO27428,,NO,,,,,,,
4896854,20594697,959990085375931,2026/07/24,2025/03/25,9999,0,951119548968540,Finchoice,,,,,,0,2,4355.30,3088.80,308.88,2026/03/09,Phone Call Made->Account Holder->Cellphone->Debtor direct->Type of Payment->Obtained PTP,2026/09/16,Phone Call Made->Account Holder->Cellphone->No Response->No Reply,2026/09/30,SMS Status: DELIVRD - FINCHOICE PAST DUE SMS 28 09 26.txt,2026/09/28,68,0.00,,2025/12/22,2026/07/24,3088.80,2026/09/16,2026/09/25,300.00,,srs1086p,16922,PTP Overdue,Legal,D4,https://url.za.m.mimecastprotect.com/s/BuHACZ4gX5H7V050uzOiVViBChza,MGI04373,MS,H,,HAZEL,MGIBA,9205290532080,,,,,,,,,,,,,,,Paid on 25th,0.00,0,1,40,,0,3,5,0685525344,,,,mgibahazel@yahoo.com,,Finchoice Restructure,,,0.00,,MGI04373,,NO,,,,,,,
4894368,20080852,959990087358679,2026/07/24,2025/02/07,9999,0,951119548943683,Finchoice,Trace Data,Trace Positive,,,2026/08/12,0,2,6764.75,3136.28,313.63,2026/01/10,Phone Call Made->Account Holder->Cellphone->Debtor direct->Type of Payment->Obtained PTP,2026/09/14,Supervisor Action->E-mail Sent,2026/09/15,SMS Status: DELIVRD - FINCHOICE REMINDERS SMS 28 09 26.txt,2026/09/28,68,0.00,,2025/07/26,2026/07/24,3136.28,2026/09/14,2026/09/28,1000.00,,srs0050ap,16922,PTP Overdue,Legal,D4,https://url.za.m.mimecastprotect.com/s/dXdsC1jM75H6DlMlSLJsppiVrvRC,ZOO00011,MR,J,,JOHANNES,ZOOWA,7901155449087,,,,,,,,,,,,,,,Paid on 30th,0.00,0,1,17,,0,3,4,0781153575,,,,johanneszowa@yahoo.com,,MobiMoney,,,0.00,,ZOO00011,,NO,,,,,,,
4914261,23903850,959990109386427,2026/08/01,2025/12/03,9999,0,951119549142616,Finchoice,Customer Class,Employment Confirmed,,,2026/09/14,0,1,2953.68,3137.74,313.77,2026/06/09,Phone Call Made->CPB->Cellphone->Debtor direct->Type of Payment->Obtained PTP,2026/09/14,Phone Call Made->CPB->Cellphone->Debtor direct->Type of Payment->Obtained PTP,2026/09/14,Changed Trace Class to None,2026/09/21,60,0.00,,2026/01/08,2026/08/01,3137.74,2026/09/14,2026/09/26,250.00,,srs0801p,16922,PTP Overdue,Legal,D4,https://url.za.m.mimecastprotect.com/s/kizYC2RXJ6tVJgpgfnKt33i5vTFi,XHA02606,MS,V,,VUYISILE,XHATI,7408215671080,,,,,,,,,XHATIT@NRCS.ORG.ZA,,,,,,Paid on 5th,0.00,0,1,11,,0,3,3,0726268033,,,,tumelo.xhati@gmail.com,,MobiMoney Restructure,,,0.00,,XHA02606,,NO,,,,,,,
4900884,18560537,959990106362082,2026/07/24,2024/09/18,9999,0,951119549008841,Finchoice,Debit Order,Debit Order,Customer Class,Employment Confirmed,2026/09/09,0,2,6335.79,3148.52,314.85,2025/04/10,Phone Call Made->Account Holder->Cellphone->Debtor direct->Type of Payment->Obtained PTP,2026/09/09,Send SMS->Banking Details,2026/09/09,SMS Status: DELIVRD - FINCHOICE PAST DUE SMS 28 09 26.txt,2026/09/28,68,0.00,,2026/03/05,2026/07/24,3148.52,2026/09/09,2026/09/25,50.00,,srs1296p,6840,AGE 0 - 3+ DEBIT ORDER PEND,Legal,D4,https://url.za.m.mimecastprotect.com/s/DlvoC3l3J7CXJOpOUgkuZZiQv97J,PUL06009,MRS,V,,VERONA,PULLAH,7010180063085,,,,,,,,,,,,,,,Paid on 25th,0.00,0,1,21,,0,2,6,0635729012,,,,veronapullah@gmail.com,,Finchoice Restructure,2026/10/24,2026/09/09,500.00,srs1296p,PUL06009,,NO,,,,,,,
4916664,24243604,959990082710601,2026/08/01,2025/12/29,9999,0,951119549166649,Finchoice,Trace Data,Trace Positive,,,2026/08/22,0,1,2862.25,3164.10,316.41,2026/06/09,Phone Call Made->Account Holder->Cellphone->Debtor direct->Settlement Negotiated->Type of Payment->Obtained PTP,2026/09/21,Phone Call Made->Account Holder->Cellphone->Debtor direct->Settlement Negotiated->Type of Payment->Obtained PTP,2026/09/21,SMS Status: DELIVRD - FINCHOICE REMINDERS SMS 28 09 26.txt,2026/09/28,60,0.00,,,2026/08/01,3164.10,2026/09/21,2026/09/28,2532.00,,srs1480p,16922,PTP Overdue,Legal,D4,https://url.za.m.mimecastprotect.com/s/r8oEC482KgfzQqBqUO9CGGi486lP,TUR00736,MR,C,,CASPER,TURNER,6301275133086,,,,,,,,,CASPER.TURNER@GMAIL.COM,,,,,,Paid on 25th,0.00,0,1,31,,0,4,5,0820979040,,,,dreamworks145@gmail.com,,MobiMoney,,,0.00,,TUR00736,,NO,,,,,,,
4204838,16126246,959990100471665,2025/04/15,2024/01/10,116,0,951119542048380,Finchoice,Customer Class,Unemployed,,,2026/07/09,0,17,4463.36,3183.63,318.36,,Phone Call Made->Account Holder->Cellphone->Debtor direct->Type of Payment->EasyPay,2026/09/09,Phone Call Made->Account Holder->Cellphone->Debtor direct->Type of Payment->EasyPay,2026/09/09,SMS Status: DELIVRD - finchoice reminders 25-09-26.txt,2026/09/25,533,50.00,2026/06/06,2026/06/06,2025/04/15,3333.63,2026/09/09,2026/09/25,100.00,,srs1633p,16922,PTP Overdue,Legal,D4,https://url.za.m.mimecastprotect.com/s/cyxyC58M0jfMQ2Z2uz0Fqqik8Elt,FUZ00439,MISS,Z,,ZUKISWA,FUZILE,7011110090081,,,,,,,,,,,,,,,Paid on 10th,0.00,0,1,22,,0,0,6,0631678828,0784039558,,,,,HomeChoice Restructure,,,0.00,,FUZ00439,,NO,,,,,,,
4913014,23508618,,2026/08/01,2025/11/08,9999,0,951119549130140,Finchoice,Trace Data,Trace Positive,,,2026/08/22,0,1,5036.50,3214.11,321.41,2026/05/09,Phone Call Made->Account Holder->Cellphone->Debtor direct->Type of Payment->Obtained PTP,2026/09/21,Dialer Comments->Account Holder->Cellphone->Busy Signal,2026/09/21,SMS Status: DELIVRD - FINCHOICE REMINDERS SMS 28 09 26.txt,2026/09/28,60,0.00,,2025/11/26,2026/08/01,3214.11,2026/09/21,2026/09/28,200.00,,srs0050ap,16922,PTP Overdue,Legal,D4,https://url.za.m.mimecastprotect.com/s/J3HKC66MVkHPAqrqfpKH77i5H95U,NDH12452,MR,T,,TUMISHO,NDHLOVU,9206205714086,,,,,,,,,,,,,,,Paid on 28th,0.00,0,1,27,,0,4,4,0792695328,,,,tumishojoel7@gmail.com,,MobiMoney,,,0.00,,NDH12452,,NO,,,,,,,
4965446,15177225,959990108205503,2026/09/15,2023/09/19,9999,0,951119549654461,Finchoice,,,,,,0,0,16539.26,3219.55,321.96,2024/02/14,Phone Call Made->Account Holder->Cellphone->Debtor direct->Type of Payment->Obtained PTP,2026/09/15,Phone Call Made->Account Holder->Home->Other Person->Co-worker->Obtained Information->Other,2026/09/30,male adv that dr is n/a,2026/09/30,15,0.00,,2026/06/04,2026/09/15,3219.55,2026/09/15,2026/09/28,400.00,,srs0050ap,16922,PTP Overdue,Legal,D4,https://url.za.m.mimecastprotect.com/s/SmM8C76MJlHzxwAwU8wF33ioNMzV,WIL34992,MR,R,,RUDOLF,WILLIAMS,7610285207089,,,,,,,,,,,,,,,Paid on 28th,0.00,0,3,4,,0,1,2,0769924046,0573962122,,,store@boltboyz.co.za,,Finchoice Restructure,,,0.00,,WIL34992,,NO,,,,,,,
4609715,18585741,959990142268400,2026/07/24,2024/09/21,398,0,951119546097151,Finchoice,Trace Data,Trace Positive,,,2026/01/26,0,2,4599.97,3248.92,324.89,2025/06/12,Phone Call Made->Account Holder->Cellphone->Debtor direct->Type of Payment->Obtained PTP,2026/08/31,Dialer Comments->Account Holder->Cellphone->Invalid Number,2026/08/31,SMS Status: DELIVRD - FINCHOICE PAST DUE SMS 28 09 26.txt,2026/09/28,68,200.00,2025/08/28,2025/08/28,2026/01/15,3248.92,2026/08/31,2026/09/26,200.00,,srs1634p,16922,PTP Overdue,Legal,D4,https://url.za.m.mimecastprotect.com/s/mLwnC8qgYmhXZE6EUn8Sggiydh5r,MHL64779,MS,P,,PROMISE,MHLONGO,7812160384088,,,,,,,,,,,,,,,Paid on 25th,0.00,0,1,0,,0,1,2,0620575375,,,,mhlongoprom@gmail.com,,6 Month Flexi,,,0.00,,MHL64779,,NO,,,,,,,
4900465,21017891,959990088741998,2026/07/24,2025/04/29,9999,0,951119549004659,Finchoice,Settlement,Possible Payment/Negotiation in Process,Customer Class,Employment Confirmed,2026/09/11,0,2,2862.25,3305.76,330.58,2025/12/09,Phone Call Made->Account Holder->Cellphone->Debtor direct->Settlement Negotiated->Type of Payment->Obtained PTP,2026/09/11,Phone Call Made->Account Holder->Cellphone->Debtor direct->Settlement Negotiated->Type of Payment->Obtained PTP,2026/09/11,SMS Status: DELIVRD - FINCHOICE REMINDERS SMS 28 09 26.txt,2026/09/28,68,0.00,,2025/05/24,2026/07/24,3305.76,2026/09/11,2026/09/28,2300.00,,srs1634p,16922,PTP Overdue,Legal,D4,https://url.za.m.mimecastprotect.com/s/3SfiC98jXnfzgDkDUo5TNNiq2Q-b,SEF06244,MR,G,,GAOSITWE,SEFOLO,9911275195088,,,,,,,,,,,,,,,Paid on 25th,0.00,0,1,49,,0,3,4,0846588801,,,,gaositwesefolo1@gmail.com,,MobiMoney,,,0.00,,SEF06244,,NO,,,,,,,
4913844,23984468,959990064997473,2026/08/01,2025/12/09,9999,0,951119549138440,Finchoice,Trace Data,Trace Positive,,,2026/08/22,0,1,2862.25,3308.90,330.89,2026/06/09,Whats App->Incoming->Debtor direct->Type of Payment->Obtained PTP,2026/09/07,Whats App->Incoming->Debtor direct->Type of Payment->Obtained PTP,2026/09/07,SMS Status: DELIVRD - FINCHOICE PAST DUE SMS 28 09 26.txt,2026/09/28,60,0.00,,2025/12/17,2026/08/01,3308.90,2026/09/07,2026/09/26,100.00,,srs1655p,16922,PTP Overdue,Legal,D4,https://url.za.m.mimecastprotect.com/s/lMpjC0gM34UkDpGpTwXUPPi9X3G0,ELS01361,MR,S,,SEAN,ELS,7410215044086,,,,,,,,,SEANE@BROLAZ.COM,,,,,,Paid on 26th,0.00,0,1,8,2026/09/30,0,2,4,0768614309,,,,seanpta@gmail.com,,MobiMoney,,,0.00,,ELS01361,,NO,,,,,,,
4893531,20848698,959990083642746,2026/07/24,2025/04/14,9999,0,951119548935317,Finchoice,Trace Data,Trace Positive,,,2026/08/12,0,2,2304.75,3326.36,332.64,2026/03/09,Phone Call Made->Account Holder->Cellphone->Debtor direct->Type of Payment->Obtained PTP,2026/09/19,Phone Call Made->Account Holder->Cellphone->No Response->Disconnected,2026/09/30,no answer,2026/09/25,68,0.00,,2025/09/26,2026/07/24,3326.36,2026/09/19,2026/09/25,100.00,,srs1688p,16922,PTP Overdue,Legal,D4,https://url.za.m.mimecastprotect.com/s/tUpBCg5yXvHqxDADuNMskki4_0rF,NGO39514,MR,V,,VICTOR,NGOBESE,8201065777084,,,,,,,,,,,,,,,Paid on 31st,0.00,1,2,20,,0,6,7,0828932611,,,,vngobese46@gmail.com,,6 Month Flexi,,,0.00,,NGO39514,,NO,,,,,,,
4896571,20258900,959990086708114,2026/07/24,2025/02/25,9999,0,951119548965710,Finchoice,Settlement Captured,Settlement,,,2026/09/02,0,2,2611.38,3338.64,333.86,2026/02/10,Phone Call Made->Account Holder->Cellphone->Debtor direct->Settlement Negotiated->Type of Payment->Obtained PTP,2026/09/02,Supervisor Action->E-mail Sent,2026/09/03,SMS Status: DELIVRD - FINCHOICE REMINDERS SMS 28 09 26.txt,2026/09/28,68,0.00,,2025/06/28,2026/07/24,3338.64,2026/09/02,2026/09/27,2671.00,,srs1318p,16922,PTP Overdue,Legal,D4,https://url.za.m.mimecastprotect.com/s/6I08Cj2BJyiYMVnVsWrfAAim43VI,MTH63311,MR,S,,SIBONGISENI,MTHETHWA,8711145910083,,,,,,,,,,,,,,,Paid on the 16th,0.00,0,1,7,,0,1,3,0635084380,,,,sibongimthethwa@gmail.com,,MobiMoney,,,0.00,,MTH63311,,NO,,,,,,,
4913559,23745006,959990110872712,2026/08/01,2025/11/25,9999,0,951119549135594,Finchoice,,,,,,0,1,2862.25,3375.88,337.59,2026/05/09,Phone Call Made->Account Holder->Cellphone->Debtor direct->Type of Payment->Obtained PTP,2026/09/09,Dialer Comments->Account Holder->Cellphone->Answering Machine,2026/09/09,SMS Status: DELIVRD - finchoice reminders 25-09-26.txt,2026/09/25,60,0.00,,,2026/08/01,3375.88,2026/09/09,2026/09/25,200.00,,srs1654p,16922,PTP Overdue,Legal,D4,https://url.za.m.mimecastprotect.com/s/hAwGCk5gMzHk6POPT25unniG4Rnv,SIN21136,MS,S,,SINDY,SINDI NZAMA,9703220520084,,,,,,,,,,,,,,,Paid on 25th,0.00,0,1,17,,0,4,5,0736592823,,,,cndynzama2@gmail.com,,MobiMoney,,,0.00,,SIN21136,,NO,,,,,,,
4931343,10653492,959990044831826,2026/08/17,2022/03/25,9999,0,951119549313431,Finchoice,Customer Class,Unemployed,,,2026/09/16,0,1,10511.15,3500.46,350.05,2024/08/13,Phone Call Made->Account Holder->Cellphone->Debtor direct->Type of Payment->EasyPay,2026/09/16,Phone Call Made->Account Holder->Cellphone->Debtor direct->Type of Payment->EasyPay,2026/09/16,SMS Status: EXPIRED - finchoice reminders 25-09-26.txt,2026/09/25,44,0.00,,2026/04/29,2026/08/17,3500.46,2026/09/16,2026/09/27,100.00,,srs1628p,16922,PTP Overdue,Legal,D4,https://url.za.m.mimecastprotect.com/s/rZnCClO06Ai15j2jsG2cMMiz-uGA,GWA04470,MS,B,,BONISWA,GWADA,8201040338085,,,,,,,,,,,,,,,Paid on 27th,0.00,0,1,70,,0,2,5,0603969487,,0443854247,,boniwegogo6@gmail.com,,24 Month Personal,,,0.00,,GWA04470,,NO,,,,,,,
4892368,19207951,959990125050213,2026/07/24,2024/11/20,9999,0,951119548923685,Finchoice,Trace Data,Trace Positive,,,2026/08/12,0,2,4534.75,3529.49,352.95,2026/02/10,Phone Call Made->Account Holder->Work->Debtor direct->Type of Payment->Obtained PTP,2026/09/11,Phone Call Made->Account Holder->Cellphone->No Response->Engaged,2026/09/25,SMS Status: DELIVRD - FINCHOICE REMINDERS SMS 28 09 26.txt,2026/09/28,68,0.00,,2025/01/24,2026/07/24,3529.49,2026/09/11,2026/09/28,50.00,,srs1688p,16922,PTP Overdue,Legal,D4,https://url.za.m.mimecastprotect.com/s/prE5CmwkXBfpK9j9TO5C88iRECei,VEZ01395,MRS,N,,NOZIPHO,VEZI,8903291211081,,,,,,,,,,,,,,,Paid on 28th,0.00,0,3,17,,0,3,4,0722742216,,,,noziphov@thembanishippin.co.za,,6 Month Flexi,,,0.00,,VEZ01395,,NO,,,,,,,
4931441,19485147,959990021234937,2026/08/17,2024/12/13,9999,0,951119549314413,Finchoice,Settlement,Possible Payment/Negotiation in Process,Debit Order,Debit Order,2026/09/25,0,1,5092.25,3544.74,354.47,2025/11/10,Phone Call Made->Account Holder->Cellphone->Debtor direct->Settlement Negotiated->Type of Payment->Obtained PTP,2026/09/25,Phone Call Made->Account Holder->Cellphone->Other Person->Co-worker->Obtained Information->Other,2026/09/30,"cell----spk to female, adv there's a 3rd party settling on her behalf",2026/09/30,44,0.00,,2026/04/23,2026/08/17,3544.74,2026/09/25,2026/09/28,100.00,,srs1634p,16922,PTP Overdue,Legal,D4,https://url.za.m.mimecastprotect.com/s/CLRUCnZlJDUXqk7kUJ9UQQiJN8Nt,XAB02519,MISS,S,,SIZAKELE,XABA,8508131110086,,,,,,,,,,,,,,,Paid on 22nd,0.00,0,2,15,,0,1,8,0793926777,,,,sizakelec24@gmail.com,,PayJustNow - Pay in 12,,,0.00,,XAB02519,,NO,,,,,,,
4917455,23483934,959990101595298,2026/08/01,2025/11/06,9999,0,951119549174551,Finchoice,Trace Data,Trace Positive,,,2026/08/22,0,1,3052.77,3605.04,360.50,2026/04/09,Phone Call Made->Account Holder->Cellphone->Debtor direct->Type of Payment->Obtained PTP,2026/09/18,Phone Call Made->Account Holder->Cellphone->Other Person->Co-worker->Obtained Information->Other,2026/09/18,SMS Status: DELIVRD - FINCHOICE PAST DUE SMS 28 09 26.txt,2026/09/28,60,0.00,,,2026/08/01,3605.04,2026/09/18,2026/09/25,100.00,,srs0050ap,16922,PTP Overdue,Legal,D4,https://url.za.m.mimecastprotect.com/s/axTlCoYmJETDLQrQFzzuqqipKlPb,FIL02723,MRS,M,,MARSHALL,FILANDER,7104205254082,,,,,,,,,,,,,,,Paid on 25th,0.00,0,1,26,,0,4,4,0633507346,0227013153,,,marshallfilander1@fmail.com,,MobiMoney Restructure,,,0.00,,FIL02723,,NO,,,,,,,
4902214,20613323,959990073728646,2026/07/24,2025/03/26,9999,0,951119549022149,Finchoice,,,,,,0,2,3726.94,3680.57,368.06,2025/09/09,Phone Call Made->Account Holder->Cellphone->Debtor direct->Type of Payment->Obtained PTP,2026/08/28,Phone Call Made->Account Holder->Cellphone->Debtor direct->Type of Payment->Obtained PTP,2026/08/28,SMS Status: DELIVRD - FINCHOICE PAST DUE SMS 28 09 26.txt,2026/09/28,68,0.00,,2026/04/02,2026/07/24,3930.57,2026/08/28,2026/09/25,100.00,,srs1631p,16922,PTP Overdue,Legal,D4,https://url.za.m.mimecastprotect.com/s/xaE2CpgnVGU9N7n7hDYC22iG1Y-A,MNY06682,MS,T,,THABITHA,MNYONI,9603160739084,,,,,,,,,,,,,,,Paid on 25th,0.00,0,1,0,,0,1,2,0682910492,,,,mphothabitha8@gmail.com,,MobiMoney,,,0.00,,MNY06682,,NO,,,,,,,
2192430,5456724,959990048973863,2022/12/14,2018/10/11,36,0,951119521924304,Finchoice,Status Class,Payment Pending,,,2026/08/31,0,45,12443.50,3693.50,369.35,,Incoming correspondence->Received E-mail->Debtor direct->Obtained Information->Other,2026/08/31,Phone Call Made->Account Holder->Cellphone->Left Message->Voicemail Lite,2026/09/30,SMS Status: DELIVRD - FINCHOICE REMINDERS SMS 28 09 26.txt,2026/09/28,1386,350.00,2026/08/25,2026/08/25,2020/11/25,21543.50,2026/09/01,2026/09/27,350.00,,srs002,16922,PTP Overdue,,D4,https://url.za.m.mimecastprotect.com/s/1qT7Cqjo8JH1PV8VsXEhKKiEopK0,OLI06030,MRS,C,,CECILIA,OLIVIER,7204270259089,,,,,,,,,,CECILIA.KOTZE@FNBINB.CO.ZA,,,,,Paid on 31st,0.00,0,1,2,,0,1,1,0797854130,,,,cecilia.olivier@brolink.co.za,cecilia.olivier@brolink.co.za,24 Month Personal,,,0.00,,OLI06030,,NO,,,,,,,
4896770,21208770,959990091827313,2026/07/24,2025/05/16,9999,0,951119548967708,Finchoice,,,,,,0,2,7355.70,3708.47,370.85,2026/02/10,Phone Call Made->Account Holder->Cellphone->Debtor direct->Type of Payment->Obtained PTP,2026/09/19,Phone Call Made->Account Holder->Cellphone->No Response->No Reply,2026/09/25,SMS Status: DELIVRD - FINCHOICE PAST DUE SMS 28 09 26.txt,2026/09/28,68,0.00,,2025/08/26,2026/07/24,3708.47,2026/09/19,2026/09/25,300.00,,srs1688p,16922,PTP Overdue,Legal,D4,https://url.za.m.mimecastprotect.com/s/h5gxCr0p7Kfr0W8WUzjH66i4vplF,MZU01299,MR,M,,MENZOKUHLE,MZULWINI,9508165324081,,,,,,,,,,,,,,,Paid on 26th,0.00,0,1,61,,0,4,6,0765887477,,,,lloydmenzokuhle@gmail.com,,MobiMoney,,,0.00,,MZU01299,,NO,,,,,,,
4894612,20358938,959990085101964,2026/07/24,2025/03/03,9999,0,951119548946124,Finchoice,Trace Data,Trace Positive,,,2026/08/12,0,2,5763.96,3808.58,380.86,2025/12/09,Phone Call Made->Account Holder->Cellphone->Debtor direct->Type of Payment->Obtained PTP,2026/09/02,Phone Call Made->Account Holder->Cellphone->Other Person->Co-worker->Obtained Information->Other,2026/09/02,SMS Status: DELIVRD - FINCHOICE PAST DUE SMS 28 09 26.txt,2026/09/28,68,0.00,,2025/07/24,2026/07/24,3808.58,2026/09/02,2026/09/26,250.00,,srs1655p,16922,PTP Overdue,Legal,D4,https://url.za.m.mimecastprotect.com/s/0omPCvgwJOUEjR7RuX5slliQ3hMy,SYL00394,MS,M,,MARY,SYLVESTER,7604040111082,,,,,,,,,,,,,,,Paid on 26th,0.00,0,1,6,,0,1,3,0737707736,,,,mary.sylvester18@gmail.com,,MobiMoney Restructure,,,0.00,,SYL00394,,NO,,,,,,,
4896439,19142291,959990130712773,2026/07/24,2024/11/14,9999,0,951119548964390,Finchoice,Debit Order,Debit Order,Customer Class,Employment Confirmed,2026/08/19,0,2,2862.25,3868.02,386.80,2025/11/10,Phone Call Made->Account Holder->Cellphone->Debtor direct->Type of Payment->Obtained PTP,2026/09/22,Phone Call Made->Account Holder->Cellphone->Debtor direct->Type of Payment->Obtained PTP,2026/09/22,SMS Status: DELIVRD - FINCHOICE PAST DUE SMS 28 09 26.txt,2026/09/28,68,0.00,,,2026/07/24,3868.02,2026/09/22,2026/09/25,380.00,,srs1339p,16922,PTP Overdue,Legal,D4,https://url.za.m.mimecastprotect.com/s/zME7CwjxgPHvz2G2uqxSGGiJivaZ,CHR03526,MR,S,,SIFISO,CHRISTOPHER,8704255568080,,,,,,,,,,,,,,,Paid on 31st,0.00,1,2,49,,0,3,6,0712795535,,,,madashsash@gmail.com,,PayJustNow - Pay in 12,,,0.00,,CHR03526,,NO,,,,,,,
4904689,19856945,959990082794399,2026/07/24,2025/01/20,36,0,951119549046890,Finchoice,Trace Data,Trace Positive,,,2026/08/12,0,2,10319.93,3888.29,388.83,2025/09/09,Phone call received->Other->Debtor direct->Type of Payment->Obtained PTP,2026/08/19,Phone Call Made->Account Holder->Cellphone->No Response->No Reply,2026/09/30,SMS Status: DELIVRD - FINCHOICE PAST DUE SMS 28 09 26.txt,2026/09/28,68,500.00,2026/08/25,2026/08/25,2026/07/24,4388.29,2026/08/29,2026/09/25,500.00,,srs1458p,16922,PTP Overdue,Legal,D4,https://url.za.m.mimecastprotect.com/s/cANYCxGyjQUL4z1zUvgTEEiyEyf5,PIL14251,MISS,N,,NADIA,PILLAY,7706060178089,,,,,,,,,,,,,,,Paid on 25th,0.00,0,1,1,,0,1,2,0747619571,,,,npillay@innovent.co.za,,MobiMoney,,,0.00,,PIL14251,,NO,,,,,,,
4899586,19536577,959990110140664,2026/07/24,2024/12/18,9999,0,951119548995865,Finchoice,Trace Data,Trace Positive,,,2026/08/12,0,2,5649.75,4022.20,402.22,2025/11/10,Phone Call Made->Account Holder->Cellphone->Debtor direct->Type of Payment->EasyPay,2026/09/04,Send SMS->Banking Details,2026/09/04,SMS Status: DELIVRD - FINCHOICE PAST DUE SMS 28 09 26.txt,2026/09/28,68,0.00,,2025/05/23,2026/07/24,4412.20,2026/09/04,2026/09/25,600.00,,srs1632p,16922,PTP Overdue,Legal,D4,https://url.za.m.mimecastprotect.com/s/aaR0Cy8zkRf7zprpuMxsmmixSp_J,THE24067,MS,T,,TIISETSO,THEBETHA,8712160920080,,,,,,,,,,,,,,,Paid on 25th,0.00,0,1,10,,0,2,4,0784820394,,,,thebethatiisetso@gmail.com,,PayJustNow - Pay in 12,,,0.00,,THE24067,,NO,,,,,,,
4901914,16095799,959990121635041,2026/07/24,2024/01/05,9999,0,951119549019145,Finchoice,Trace Data,Trace Positive,,,2026/08/12,0,2,5422.04,4043.15,404.32,2024/06/10,Phone Call Made->Account Holder->Cellphone->Debtor direct->Type of Payment->Obtained PTP,2026/09/11,Phone Call Made->Account Holder->Cellphone->Debtor direct->Type of Payment->Obtained PTP,2026/09/11,SMS Status: UNDELIV - finchoice reminders 25-09-26.txt,2026/09/25,68,0.00,,2026/03/05,2026/07/24,4043.15,2026/09/11,2026/09/28,500.00,,srs1634p,16922,PTP Overdue,Legal,D4,https://url.za.m.mimecastprotect.com/s/3p4DCzmAl0cGp7M7IX7F77i9k_u4,VA50022,MS,A,,ANNEKE,VAN DER MERWE,7503250003080,,,,,,,,,,,,,,,Paid on 26th,0.00,0,1,37,,0,2,4,0764214254,,,,annekevandermerwe6782@gmail.co,,MobiMoney Restructure,,,0.00,,VA50022,,NO,,,,,,,
4901622,20551137,959990067000440,2026/07/24,2025/03/20,9999,0,951119549016224,Finchoice,Trace Data,Trace Positive,,,2026/08/12,0,2,6764.75,4059.99,406.00,2025/12/09,Phone Call Made->Account Holder->Cellphone->Debtor direct->Type of Payment->Obtained PTP,2026/09/14,Phone Call Made->Account Holder->Potential RPC->Other Person->Co-worker->Whereabouts unknown,2026/09/30,RPC----wrong number,2026/09/30,68,0.00,,2026/01/08,2026/07/24,4059.99,2026/09/14,2026/09/26,400.00,,srs1645p,16922,PTP Overdue,Legal,D4,https://url.za.m.mimecastprotect.com/s/MSV5CAnrOyUZ38N8u8wU99iGKIgd,VAN72998,MR,A,,ASHLEY,VAN DER BERG,8407145192083,,,,,,,,,ANASTACIAVANDERBERG81@GMAIL.COM,,,,,,Paid on 26th,0.00,0,1,28,,0,3,5,0604184306,,,0635259504,avanderberg891@gmail.com,,MobiMoney,,,0.00,,VAN72998,,NO,,,,,,,
4901374,20989222,959990091150922,2026/07/24,2025/04/25,9999,0,951119549013742,Finchoice,Trace Data,Trace Positive,,,2026/08/12,0,2,3194.52,4069.40,406.94,2026/01/11,Phone Call Made->Account Holder->Cellphone->Debtor direct->Settlement Negotiated->Type of Payment->Obtained PTP,2026/09/23,Dialer Comments->Account Holder->Cellphone->Ringing,2026/09/23,SMS Status: DELIVRD - FINCHOICE REMINDERS SMS 28 09 26.txt,2026/09/28,68,0.00,,2025/07/25,2026/07/24,4069.40,2026/09/23,2026/09/27,2500.00,,srs1634p,16922,PTP Overdue,Legal,D4,https://url.za.m.mimecastprotect.com/s/gW8lCBgvEzUD9y7yF6phyyi2cgso,MPU07148,MISS,N,,NASIPHI,MPULU,0009180469083,,,,,,,,,,,,,,,Paid on 26th,0.00,0,1,33,,0,5,5,0792014175,,,,mpulunomanzi27@gmail.com,,PayJustNow - Pay in 12,,,0.00,,MPU07148,,NO,,,,,,,
4902561,19266369,959990139166732,2026/07/24,2024/11/26,9999,0,951119549025613,Finchoice,,,,,,0,2,6374.50,4078.53,407.85,2025/07/09,Phone Call Made->Account Holder->Cellphone->Debtor direct->Type of Payment->Obtained PTP,2026/09/03,Phone Call Made->Account Holder->Cellphone->Debtor direct->Type of Payment->Obtained PTP,2026/09/03,SMS Status: DELIVRD - FINCHOICE PAST DUE SMS 28 09 26.txt,2026/09/28,68,0.00,,2026/08/25,2026/07/24,4078.53,2026/09/03,2026/09/25,1000.00,,srs1632p,16922,PTP Overdue,Legal,D4,https://url.za.m.mimecastprotect.com/s/KjZeCDRxEBtoKy5yu56sGGijbQX_,SET27600,MR,K,,KGOTLAENTLE KENNETH,SETSWALO,8712215468085,,,,,,,,,,,,,,,Paid on 25th,0.00,0,1,6,,0,1,3,0825558130,0738637062,0183927031,,kenza8741@gmail.com,,6 Month Flexi,,,0.00,,SET27600,,NO,,,,,,,
4700262,20209943,959990086158997,2026/03/14,2025/02/19,85,0,951119547002622,Finchoice,Customer Class,Employment Confirmed,,,2026/04/17,0,6,9842.15,4144.10,414.41,,Whats App->Incoming->Debtor direct->Type of Payment->Obtained PTP,2026/09/07,Whats App->Incoming->Debtor direct->Type of Payment->Obtained PTP,2026/09/07,SMS Status: DELIVRD - FINCHOICE REMINDERS SMS 28 09 26.txt,2026/09/28,200,100.00,2026/07/07,2026/07/07,2026/03/14,4394.10,2026/09/07,2026/09/28,250.00,,srs080,16922,PTP Overdue,Legal,D4,https://url.za.m.mimecastprotect.com/s/KKsQCmwkXBfpK9j9TOMC88iR1wN4,HAR12364,MS,S,,SHARNAY,HARRIS,7607060066086,,,,,,,,,,,,,,,Paid on 31st,0.00,0,1,16,2026/09/30,0,2,3,0846308750,,,,sharnflu1@gmail.com,,MobiMoney,,,0.00,,HAR12364,,NO,,,,,,,
4896201,19789606,959990219659887,2026/07/24,2025/01/13,9999,0,951119548962014,Finchoice,Trace Data,Trace Positive,,,2026/08/12,0,2,5092.25,4150.22,415.02,2025/10/10,Whats App->Incoming->Debtor direct->Type of Payment->Obtained PTP,2026/09/01,Dialer Comments->Account Holder->Work->Ringing,2026/09/01,SMS Status: DELIVRD - FINCHOICE REMINDERS SMS 28 09 26.txt,2026/09/28,68,0.00,,2026/04/02,2026/07/24,4150.22,2026/09/01,2026/09/27,200.00,,srs1632p,16922,PTP Overdue,Legal,D4,https://url.za.m.mimecastprotect.com/s/4sOLCnZlJDUXqk7kUJMUQQiJ7D6v,DUP33175,MS,R,,RENE,DU PLESSIS,7908280026086,,,,,,,,,,,,,,,Paid on 27th,0.00,0,1,10,2026/09/30,0,1,2,0791232790,,0674013790,,rene.avon1@gmail.com,,6 Month Flexi,,,0.00,,DUP33175,,NO,,,,,,,
4894502,21134768,959990072635545,2026/07/24,2025/05/08,9999,0,951119548945027,Finchoice,Trace Data,Trace Positive,,,2026/08/12,0,2,5002.89,4256.01,425.60,2026/03/09,Phone Call Made->Account Holder->Cellphone->Debtor direct->Type of Payment->Obtained PTP,2026/09/14,Phone Call Made->Account Holder->Cellphone->Left Message->Voicemail Lite,2026/09/26,SMS Status: DELIVRD - FINCHOICE REMINDERS SMS 28 09 26.txt,2026/09/28,68,0.00,,2025/11/29,2026/07/24,4256.01,2026/09/14,2026/09/28,500.00,,srs1675p,16922,PTP Overdue,Legal,D4,https://url.za.m.mimecastprotect.com/s/PD-9CoYmJETDLQrQFzBuqqip33vJ,MZA03184,PROF,R,,RACHEL,MZACELA,8909050325087,,,,,,,,,,,,,,,Paid on 28th,0.00,0,1,22,,0,3,5,0731575419,,,,phumzilemzazela@gmail.com,,Finchoice Restructure,,,0.00,,MZA03184,,NO,,,,,,,
4740221,15954387,959990135068718,2026/04/07,2023/12/19,9999,0,951119547402210,Finchoice,Trace Data,Trace Positive,,,2026/05/04,0,5,7590.27,4273.12,427.31,2025/09/09,Phone Call Made->Account Holder->Cellphone->Debtor direct->Type of Payment->EasyPay,2026/09/21,Phone Call Made->Account Holder->Cellphone->Debtor direct->Type of Payment->EasyPay,2026/09/21,SMS Status: DELIVRD - FINCHOICE PAST DUE SMS 28 09 26.txt,2026/09/28,176,0.00,,2025/05/01,2026/04/07,4273.12,2026/09/21,2026/09/26,200.00,,srs1655p,16922,PTP Overdue,Legal,D4,https://url.za.m.mimecastprotect.com/s/3nGaCpgnVGU9N7n7hD5C22iGKgOP,MZI15526,MISS,Z,,ZIKHONA,MZIMBI,8203032309082,,,,,,,,,,,,,,,Paid weekly,0.00,0,1,20,,0,1,5,0635997183,,,,noemail@gmail.com,,HomeChoice Restructure,,,0.00,,MZI15526,,NO,,,,,,,
4899074,20941820,959990102418730,2026/07/24,2025/04/22,9999,0,951119548990742,Finchoice,Settlement,Possible Payment/Negotiation in Process,Customer Class,Employment Confirmed,2026/07/27,0,2,6033.41,4311.13,431.11,2026/03/09,Phone Call Made->Account Holder->Cellphone->Debtor direct->Type of Payment->Obtained PTP,2026/09/19,Phone Call Made->Account Holder->Cellphone->Debtor direct->Type of Payment->Obtained PTP,2026/09/19,SMS Status: DELIVRD - FINCHOICE PAST DUE SMS 28 09 26.txt,2026/09/28,68,0.00,,2025/08/20,2026/07/24,4311.13,2026/09/19,2026/09/26,800.00,,srs1689p,16922,PTP Overdue,Legal,D4,https://url.za.m.mimecastprotect.com/s/Vw8JCqjo8JH1PV8VsXjhKKiE8-Qw,MA559131,MR,G,,GIFT THABO,MASOMBUKA,9602206010088,,,,,,,,,,,,,,,Paid on 31st,0.00,0,1,58,,0,4,5,0715559284,,,,masombukagt22@gmail.com,,MobiMoney,,,0.00,,MA559131,,NO,,,,,,,
4380444,18834583,959990020225217,2025/08/12,2024/10/17,9999,0,951119543804443,Finchoice,Customer Class,Unemployed,,,2026/05/11,0,13,4086.36,4357.02,435.70,,Phone Call Made->Account Holder->Cellphone->Debtor direct->Type of Payment->EasyPay,2026/09/21,Phone Call Made->Account Holder->Cellphone->Debtor direct->Type of Payment->EasyPay,2026/09/21,SMS Status: DELIVRD - FINCHOICE REMINDERS SMS 28 09 26.txt,2026/09/28,414,0.00,,2025/05/08,2025/08/12,4357.02,2026/09/21,2026/09/27,200.00,,srs1633p,16922,PTP Overdue,Legal,D4,https://url.za.m.mimecastprotect.com/s/0K6-Cr0p7Kfr0W8WUz2H66i4pA1z,MBO05242,MS,N,,NOSIPHO,MBOMBO,8310080352086,,,,,,,,,,,,,,MBOMBONOSIPHO@GMAIL.COM,Paid on 25th,0.00,0,1,61,,0,3,5,0837112268,,,,mbombonisipho@gmail.com,,HomeChoice Restructure,,,0.00,,MBO05242,,NO,,,,,,,
4911968,23600662,959990205127188,2026/08/01,2025/11/15,35,0,951119549119689,Finchoice,,,,,,0,1,5538.25,4374.94,437.49,2026/06/09,Whats App->Incoming->Debtor direct->Type of Payment->Obtained PTP,2026/09/07,Whats App->Incoming->Debtor direct->Type of Payment->Obtained PTP,2026/09/07,SMS Status: DELIVRD - FINCHOICE PAST DUE SMS 28 09 26.txt,2026/09/28,60,300.00,2026/08/26,2026/08/26,2026/08/01,4674.94,2026/09/07,2026/09/26,300.00,,srs080,16922,PTP Overdue,Legal,D4,https://url.za.m.mimecastprotect.com/s/oh1JCvgwJOUEjR7RuXvslliQtTbo,MGA07408,MR,A,,ALWANDE,MGANDELA,9801025419088,,,,,,,,,,,,,,,Paid on 27th,0.00,0,1,8,,0,1,2,0660776175,0105977794,,,mlambomgandela6@gmail.com,,MobiMoney,,,0.00,,MGA07408,,NO,,,,,,,
4913575,23694293,959990083454084,2026/08/01,2025/11/21,9999,0,951119549135750,Finchoice,Settlement,Settlement Accepted,,,2026/09/17,0,1,3603.04,4413.54,441.35,2026/05/09,Incoming correspondence->Received E-mail->Debtor direct->Settlement Negotiated->Obtained PTP,2026/09/17,Supervisor Action->E-mail Sent,2026/09/28,Please note that we did not receive Settlement Payments on your Finchoice accounts. Kindly note that urgent payment is required. Kindly notify me when you will settle your accounts.,2026/09/28,60,0.00,,,2026/08/01,4413.54,2026/09/17,2026/09/24,3531.00,,srs002,16922,PTP Overdue,Legal,D4,https://url.za.m.mimecastprotect.com/s/cKQmCwjxgPHvz2G2uqmSGGiJctzN,THW06779,MR,M,,MOEKETSI,THWALA,9009115553085,,,,,,,,,,,,,,,Paid on 29th,0.00,1,2,14,,0,3,4,0734727764,,,,mishthwala@gmail.com,,MobiMoney,,,0.00,,THW06779,,NO,,,,,,,
4901161,20073410,959990187779592,2026/07/24,2025/02/05,22,0,951119549011613,Finchoice,Trace Data,Trace Positive,,,2026/08/12,0,2,3894.74,4430.05,443.01,2025/08/10,Phone Call Made->Account Holder->Cellphone->Debtor direct->Type of Payment->Obtained DebiCheck Debit Order,2026/09/21,Phone Call Made->Account Holder->Cellphone->Debtor direct->Type of Payment->Obtained DebiCheck Debit Order,2026/09/21,SMS Status: DELIVRD - finchoice reminders 25-09-26.txt,2026/09/25,68,200.00,2026/09/08,2026/09/08,2026/07/24,4930.05,2026/09/21,2026/09/26,500.00,,srs1480p,6840,AGE 0 - 3+ DEBIT ORDER PEND,Legal,D4,https://url.za.m.mimecastprotect.com/s/bJHLCxGyjQUL4z1zUvDTEEiym5x_,KOT14411,MS,S,,SHANE,KOTZE,9510270134082,,,,,,,,,,,,,,,Paid on 31st,200.00,1,2,37,,0,4,7,0605003297,,,,shanekotze14@gmail.com,,PayJustNow - Pay in 12,2026/10/26,2026/09/21,500.00,srs1480p,KOT14411,,NO,,,,,,,
4896897,19426310,959990012918019,2026/07/24,2024/12/07,9999,0,951119548968979,Finchoice,,,,,,0,2,8994.75,4437.27,443.73,2025/10/10,Whats App->Incoming->Debtor direct->Settlement Negotiated->Type of Payment->Obtained PTP,2026/09/17,Supervisor Action->E-mail Sent,2026/09/28,SENT EMAIL TO sylvia.lenkoadi@bayport.co.za = Please note that we have not received the Settlement Payment as arranged. Kindly confirm when payment will be done.,2026/09/28,68,0.00,,2026/01/08,2026/07/24,4437.27,2026/09/17,2026/09/25,4438.00,,srs1632p,16922,PTP Overdue,Legal,D4,https://url.za.m.mimecastprotect.com/s/C_u1Cy8zkRf7zprpuM5smmixxOh1,MOR07092,MRS,HS,,HADIGO,MORAPEDI,7411250307081,,,,,,,,,,,,,,,Paid on 25th,0.00,0,1,5,,0,1,4,0837242080,,0182949100,,,,6 Month Flexi,,,0.00,,MOR07092,,NO,,,,,,,
4908678,23597719,959990058834005,2026/08/01,2025/11/15,9999,0,951119549086789,Finchoice,,,,,,0,1,6564.84,4517.69,451.77,2026/06/09,Phone Call Made->Account Holder->Cellphone->Debtor direct->Type of Payment->Obtained PTP,2026/09/23,Phone Call Made->Account Holder->Cellphone->Debtor direct->Type of Payment->Obtained PTP,2026/09/23,the dr advised she will make a paymnt of R100 by the 25th,2026/09/23,60,0.00,,2025/12/24,2026/08/01,4517.69,2026/09/23,2026/09/25,100.00,,srs1339p,16922,PTP Overdue,Legal,D4,https://url.za.m.mimecastprotect.com/s/uzAKCzmAl0cGp7M7IXvF77i9gQPK,SIY02552,MISS,T,,TRACY,SIYAYA,9006230663088,,,,,,,,,,,,,,,Paid on 31st,0.00,0,1,69,,0,7,5,0798384567,,,,zinhletra@gmail.com,,MobiMoney,,,0.00,,SIY02552,,NO,,,,,,,
4965305,22213822,959990095690204,2026/09/15,2025/08/08,9999,0,951119549653059,Finchoice,Trace Class,Phone Trace,Settlement,Settlement Accepted,2026/09/29,0,0,4581.62,4609.69,460.97,2026/05/09,Whats App->Incoming->Debtor direct->Other,2026/09/23,Phone Call Made->CPB->Cellphone->No Response->Engaged,2026/09/28,Please note that we did not receive Settlement Payments on your Finchoice accounts. Kindly note that urgent payment is required. Kindly notify me when you will settle your accounts.,2026/09/28,15,0.00,,2026/05/16,2026/09/15,4609.69,2026/09/22,2026/09/26,3688.00,,srs002,16922,PTP Overdue,Legal,D4,https://url.za.m.mimecastprotect.com/s/gP8vCAnrOyUZ38N8u8ZU99iGGmqD,GON04217,MISS,L,,LUNGISWA,GONIWE,8606041090081,,,,,,,,,,,,,,,Paid on 25th,0.00,0,1,32,,0,2,2,,,,,lgoniwe56@gmail.com,,PayJustNow - Pay in 12,,,0.00,,GON04217,,NO,,,,,,,
4914499,24432871,959990104136397,2026/08/01,2026/01/12,9999,0,951119549144992,Finchoice,Trace Data,Trace Positive,,,2026/08/22,0,1,3921.50,4672.86,467.29,2026/06/09,Phone Call Made->Account Holder->Cellphone->Debtor direct->Type of Payment->Obtained PTP,2026/09/11,Phone Call Made->CPB->Work->ACW Exceeded,2026/09/11,SMS Status: DELIVRD - FINCHOICE PAST DUE SMS 28 09 26.txt,2026/09/28,60,0.00,,,2026/08/01,4672.86,2026/09/11,2026/09/25,800.00,,srs1689p,16922,PTP Overdue,Legal,D4,https://url.za.m.mimecastprotect.com/s/yn4oCBgvEzUD9y7yF6Vhyyi24SWt,SIB66592,MS,W,,WINFRIDAH,SIBISI,8801061288083,,,,,,,,,,,,,,,Paid on 25th,0.00,0,1,15,,0,3,5,0712137721,,,,sibisigcinile2@gmail.com,,MobiMoney,,,0.00,,SIB66592,,NO,,,,,,,
4912084,23916560,959990061191211,2026/08/01,2025/12/04,9999,0,951119549120844,Finchoice,,,,,,0,1,2862.25,4697.02,469.70,2026/05/09,Incoming correspondence->Received E-mail->Debtor direct->Obtained Information->Other,2026/09/17,Supervisor Action->E-mail Sent,2026/09/17,SMS Status: DELIVRD - FINCHOICE PAST DUE SMS 28 09 26.txt,2026/09/28,60,0.00,,,2026/08/01,4697.02,2026/09/17,2026/09/26,1200.00,,srs002,16922,PTP Overdue,Legal,D4,https://url.za.m.mimecastprotect.com/s/xmQhCDRxEBtoKy5yu53tGGijXJBm,MON36240,MR,T,,TUMELO,MONAMA,8911015535081,,,,,,,,,,,,,,,Paid on 25th,0.00,0,1,36,2026/09/30,0,4,4,0810399706,0126203041,,,edgarmonama1@gmail.com,,MobiMoney,,,0.00,,MON36240,,NO,,,,,,,
4908197,23471018,959990081010722,2026/08/01,2025/11/05,9999,0,951119549081970,Finchoice,Debit Order,Debit Order,,,2026/09/21,0,1,4036.25,4767.14,476.71,2026/04/09,Phone Call Made->Account Holder->Cellphone->Debtor direct->Type of Payment->Obtained DebiCheck Debit Order,2026/09/21,Phone Call Made->Account Holder->Cellphone->Debtor direct->Type of Payment->Obtained DebiCheck Debit Order,2026/09/21,SMS Status: DELIVRD - FINCHOICE REMINDERS SMS 28 09 26.txt,2026/09/28,60,0.00,,,2026/08/01,4767.14,2026/09/21,2026/09/28,100.00,,srs1687p,6840,AGE 0 - 3+ DEBIT ORDER PEND,Legal,D4,https://url.za.m.mimecastprotect.com/s/pg9GCElyQDClJY3YCwEsGGi73i0o,SKH06088,MR,T,,TEBOGO,SKHOSANA,9003295587088,,,,,,,,,,,,,,,Paid on 31st,0.00,0,1,23,,0,4,7,0765411070,,,,tebogo.skhosana@gmail.com,,MobiMoney Restructure,2026/10/15,2026/09/21,500.00,srs1687p,SKH06088,,NO,,,,,,,
4913071,24323765,959990133006454,2026/08/01,2026/01/05,9999,0,951119549130710,Finchoice,,,,,,0,1,3817.94,4825.12,482.51,2026/06/09,Phone Call Made->Account Holder->Cellphone->Debtor direct->Type of Payment->Obtained PTP,2026/09/24,Phone Call Made->Account Holder->Cellphone->Left Message->Voicemail Lite,2026/09/25,VM,2026/09/25,60,0.00,,,2026/08/01,4825.12,2026/09/24,2026/09/28,500.00,,srs1675p,16922,PTP Overdue,Legal,D4,https://url.za.m.mimecastprotect.com/s/uWO6CGZAKGUBp616i7qimmiBAwx3,SEL46815,MR,K,,KAMOGELO,SELEHELO,6906025731086,,,,,,,,,,,,,,,Paid on 26th,0.00,0,1,66,,0,6,6,0632454763,,,,kelebogileselehelo@gmail.com,,MobiMoney Restructure,,,0.00,,SEL46815,,NO,,,,,,,
4897565,21141446,959990111118446,2026/07/24,2025/05/08,9999,0,951119548975651,Finchoice,Trace Data,Trace Positive,,,2026/08/12,0,2,3869.68,4939.55,493.96,2026/01/10,Phone Call Made->Account Holder->Cellphone->Debtor direct->Type of Payment->Obtained PTP,2026/09/17,Phone Call Made->Account Holder->Cellphone->Debtor direct->Type of Payment->Obtained PTP,2026/09/17,SMS Status: DELIVRD - FINCHOICE PAST DUE SMS 28 09 26.txt,2026/09/28,68,0.00,,,2026/07/24,4939.55,2026/09/17,2026/09/26,250.00,,srs1655p,16922,PTP Overdue,Legal,D4,https://url.za.m.mimecastprotect.com/s/FCGlCJZ1XLUBmVqViGQi33iyw5bh,KLI00729,MS,A,,ADELE,KLINGBIEL,8405050113086,,,,,,,,,adeleklingbiel05@gmail.com,,,,,,Paid on 25th,0.00,0,1,24,,0,4,5,0715657179,,,,adeleklingbiel05@gmail.com,,MobiMoney Restructure,,,0.00,,KLI00729,,NO,,,,,,,
4894526,20576836,959990022976726,2026/07/24,2025/03/24,9999,0,951119548945266,Finchoice,Trace Data,Trace Positive,,,2026/08/12,0,2,8626.55,4946.84,494.68,2026/01/10,Phone Call Made->Account Holder->Cellphone->Debtor direct->Type of Payment->Obtained PTP,2026/09/15,Send SMS->Banking Details,2026/09/15,SMS Status: EXPIRED - FINCHOICE PAST DUE SMS 28 09 26.txt,2026/09/28,68,0.00,,2025/07/29,2026/07/24,4946.84,2026/09/15,2026/09/25,200.00,,srs0050ap,16922,PTP Overdue,Legal,D4,https://url.za.m.mimecastprotect.com/s/VrtJCKOGEMiDv626Fv1CBBi5qtHU,MAH25423,MS,R,,ROSE,MAHLANGU,7008100844089,,,,,,,,,BHUDAROSE@GMAIL.COM,,,,,,Paid on 31st,0.00,0,1,29,,0,4,5,0613403708,,0128814692,,r19730810@gmail.com,,6 Month Flexi,,,0.00,,MAH25423,,NO,,,,,,,
4908155,23756681,959990021861986,2026/08/01,2025/11/26,9999,0,951119549081558,Finchoice,,,,,,0,1,4633.97,4959.85,495.99,2026/06/09,Phone Call Made->Account Holder->Cellphone->Debtor direct->Type of Payment->Obtained PTP,2026/08/28,Phone Call Made->Account Holder->Cellphone->No Response->No Reply,2026/09/30,vm-----,2026/09/30,60,0.00,,2026/02/26,2026/08/01,4959.85,2026/08/28,2026/09/25,500.00,,srs1339p,16922,PTP Overdue,Legal,D4,https://url.za.m.mimecastprotect.com/s/11ySCLgGBNUkp7R7TqptDDiyLGNz,NAI06222,MISS,V,,VUAYLUTCHMEE,NAIDOO,6910200015083,,,,,,,,,,,,,,,Paid on 31st,0.00,0,1,1,,0,1,2,0649400502,,0100350447,,vinaidoo@instatoll.co.za,,MobiMoney Restructure,,,0.00,,NAI06222,,NO,,,,,,,
4902455,17327060,959990109323941,2026/07/24,2024/05/20,34,0,951119549024558,Finchoice,Customer Class,Employment Confirmed,,,2026/08/25,0,2,7900.70,4967.02,496.70,2025/10/10,Incoming correspondence->Received E-mail->Debtor direct->Obtained Information->Other,2026/09/18,Supervisor Action->E-mail Sent,2026/09/18,SMS Status: DELIVRD - FINCHOICE PAST DUE SMS 28 09 26.txt,2026/09/28,68,300.00,2026/08/27,2026/08/27,2026/07/24,5267.02,2026/08/29,2026/09/25,300.00,,srs0801p,16922,PTP Overdue,Legal,D4,https://url.za.m.mimecastprotect.com/s/J9o1CMjXB0H207q7ukyTZZi8DN7u,ERN00530,MR,B,,BRANDON,ERNEST,9011185060082,,,,,,,,,,,,,,,Paid on 31st,0.00,0,1,3,,0,1,2,0721832172,,,,brandon24.be@gmail.com,,6 Month Flexi,,,0.00,,ERN00530,,NO,,,,,,,
4899412,20950346,959990130917257,2026/07/24,2025/04/23,9999,0,951119548994124,Finchoice,Trace Data,Trace Positive,,,2026/08/12,0,2,4204.05,4976.70,497.67,2025/10/10,Phone Call Made->Account Holder->Cellphone->Debtor direct->Type of Payment->Obtained PTP,2026/09/23,Phone Call Made->Account Holder->Cellphone->Debtor direct->Type of Payment->Obtained PTP,2026/09/23,SMS Status: DELIVRD - FINCHOICE REMINDERS SMS 28 09 26.txt,2026/09/28,68,0.00,,,2026/07/24,4976.70,2026/09/23,2026/09/28,3982.00,,srs0080ap,16922,PTP Overdue,Legal,D4,https://url.za.m.mimecastprotect.com/s/zaPlCNxG1PiZrz0zu4Ac22iyqHQZ,MA845383,MR,O,,OSCAR,MAKHOBA,7902105186084,,,,,,,,,,,,,,,Paid on 28th,0.00,0,1,42,,0,5,4,0656458898,,,,Makhobaoscar79@gmail.com,,MobiMoney Restructure,,,0.00,,MA845383,,NO,,,,,,,
4911795,24716052,959990105838173,2026/08/01,2026/01/30,9999,0,951119549117956,Finchoice,Customer Class,Employment Confirmed,,,2026/08/04,0,1,4132.65,4990.14,499.01,2026/06/09,Phone Call Made->Account Holder->Cellphone->Debtor direct->Type of Payment->Obtained PTP,2026/09/21,Send SMS->Banking Details,2026/09/21,FINCHOICE BANKING DETAILS - BANK: ABSA - ACCOUNT NAME: SRS TRUST GENERAL - ACCOUNT NBR: 4107204509 - BRANCH CODE: 632005 - REFERENCE: YOUR ID NUMBER. WHATSAPP 0614774098.,2026/09/21,60,0.00,,,2026/08/01,4990.14,2026/09/21,2026/09/26,300.00,,srs1688p,16922,PTP Overdue,Legal,D4,https://url.za.m.mimecastprotect.com/s/7MApCO7G9QUN9MpMhvQiBBiGAlvu,GOU05576,MS,J,,JAUN,GOUWS,9703045220084,,,,,,,,,,,,,,,Paid on 26th,0.00,0,1,65,,0,6,6,0653101595,,0731983671,,Juangouwsjp4@gmail.com,,Finchoice Restructure,,,0.00,,GOU05576,,NO,,,,,,,
4917343,23900546,959990082273972,2026/08/01,2025/12/03,9999,0,951119549173439,Finchoice,Customer Class,Unemployed,,,2026/08/03,0,1,6764.75,5078.41,507.84,2026/06/09,Phone Call Made->Account Holder->Cellphone->Debtor direct->Type of Payment->Obtained PTP,2026/09/21,Supervisor Action->E-mail Sent,2026/09/28,SENT EMAIL TO CUSTOMER = Please note that we did not receive Settlement Payments on your Finchoice accounts. Kindly note that urgent payment is required. Kindly notify me when you will settle your accounts.,2026/09/28,60,0.00,,2026/01/08,2026/08/01,5078.41,2026/09/21,2026/09/25,4064.00,,srs0050ap,16922,PTP Overdue,Legal,D4,https://url.za.m.mimecastprotect.com/s/iUcvCP1GJRf0rPKPU0KIllix-l0a,MA394444,MISS,D,,DINA NOMATHEMBA,MATHISO,8708180376089,,,,,,,,,,,,,,,Paid on 15th,0.00,0,1,55,,0,4,5,0824720106,,,,nomathembamathiso@yahoo.co.za,,MobiMoney,,,0.00,,MA394444,,NO,,,,,,,
4965398,12809183,959990041374978,2026/09/15,2023/01/17,9999,0,951119549653984,Finchoice,Trace Data,Trace Positive,,,2026/09/17,0,0,42072.95,5118.87,511.89,2025/08/10,Phone Call Made->Account Holder->Cellphone->Debtor direct->Type of Payment->Obtained PTP,2026/09/22,Phone Call Made->Account Holder->Cellphone->Debtor direct->Type of Payment->Obtained PTP,2026/09/22,SMS Status: DELIVRD - FINCHOICE REMINDERS SMS 28 09 26.txt,2026/09/28,15,0.00,,2026/06/04,2026/09/15,5118.87,2026/09/22,2026/09/28,500.00,,srs0050ap,16922,PTP Overdue,Legal,D4,https://url.za.m.mimecastprotect.com/s/n7mBCQ1XLVfXEYkYUPpf99iGg68q,PET08185,MS,M,,MANDY,PETERSEN,8203050135088,,,,,,,,,MANDYP.FLIGHTSPECIALS@GALILEOSA.CO.ZA,,,,,,Paid on 27th,0.00,0,1,48,,0,2,4,0648576102,0443850676,,,maxipet.petersen@gmail.com,,12 Month Flexi,,,0.00,,PET08185,,NO,,,,,,,
4911018,24084617,959990181535107,2026/08/01,2025/12/17,9999,0,951119549110183,Finchoice,Trace Data,Trace Positive,,,2026/08/22,0,1,4394.94,5253.83,525.38,2026/05/09,Phone Call Made->Account Holder->Cellphone->Debtor direct->Type of Payment->Obtained PTP,2026/08/31,Phone Call Made->Account Holder->Cellphone->Other Person->Co-worker->Refused,2026/09/30,SMS Status: DELIVRD - FINCHOICE PAST DUE SMS 28 09 26.txt,2026/09/28,60,0.00,,,2026/08/01,5253.83,2026/08/31,2026/09/26,150.00,,srs1551p,16922,PTP Overdue,Legal,D4,https://url.za.m.mimecastprotect.com/s/IccaCRgXBWUGkxvxINls66i1rP5O,SHA80135,MR,D,,DIFFERENCE,SHABANGU,9302236267085,,,,,,,,,,,,,,,Paid on 31st,0.00,0,1,1,,0,1,2,0728237846,,,,mtanadee@gmail.com,,Finchoice Restructure,,,0.00,,SHA80135,,NO,,,,,,,
4914066,23969332,959990117963852,2026/08/01,2025/12/08,9999,0,951119549140669,Finchoice,,,,,,0,1,4352.51,5269.22,526.92,2026/05/09,Phone Call Made->Account Holder->Cellphone->Debtor direct->Type of Payment->Obtained PTP,2026/09/18,Phone Call Made->Account Holder->Cellphone->No Response->No Reply,2026/09/30,SMS Status: DELIVRD - FINCHOICE PAST DUE SMS 28 09 26.txt,2026/09/28,60,0.00,,,2026/08/01,5269.22,2026/09/18,2026/09/25,450.00,,srs0050ap,16922,PTP Overdue,Legal,D4,https://url.za.m.mimecastprotect.com/s/Zhi3CVmWZ1c2LYxYuznirriENMkk,BUD02606,MR,B,,BRIAN,BUDLER,8606055152082,,,,,,,,,,,,,,,Paid on 25th,0.00,2,3,12,,0,3,8,0610893624,,,,bwbudler@gmail.com,,Finchoice Restructure,,,0.00,,BUD02606,,NO,,,,,,,
4917533,23504075,959990117801961,2026/08/01,2025/11/07,9999,0,951119549175335,Finchoice,,,,,,0,1,4200.25,5287.53,528.75,2026/04/09,Phone Call Made->Account Holder->Cellphone->Debtor direct->Type of Payment->Obtained PTP,2026/09/25,Phone Call Made->Account Holder->Cellphone->Debtor direct->Type of Payment->Obtained PTP,2026/09/25,FINCHOICE BANKING DETAILS - BANK: ABSA - ACCOUNT NAME: SRS TRUST GENERAL - ACCOUNT NBR: 4107204509 - BRANCH CODE: 632005 - REFERENCE: YOUR ID NUMBER. WHATSAPP 0614774098.,2026/09/25,60,0.00,,,2026/08/01,5287.53,2026/09/25,2026/09/28,530.00,,srs1634p,16922,PTP Overdue,Legal,D4,https://url.za.m.mimecastprotect.com/s/RRtlCWn1B2U6gV5VSx9ukkio4KS_,MOD43342,MR,M,,MONTSHIWA,MODISE,7112225311089,,,,,,,,,,,,,,,Paid on 31st,0.00,0,1,70,,0,7,6,0764588317,,,,montshiwamodise1@gmail.com,,6 Month Flexi,,,0.00,,MOD43342,,NO,,,,,,,
4914805,24381020,959990206059463,2026/08/01,2026/01/07,9999,0,951119549148050,Finchoice,Trace Data,Trace Positive,,,2026/08/22,0,1,4648.21,5337.69,533.77,2026/06/09,Phone Call Made->Account Holder->Cellphone->Debtor direct->Type of Payment->Obtained DebiCheck Debit Order,2026/09/11,Phone Call Made->Account Holder->Cellphone->Debtor direct->Type of Payment->Obtained DebiCheck Debit Order,2026/09/11,SMS Status: DELIVRD - FINCHOICE REMINDERS SMS 28 09 26.txt,2026/09/28,60,0.00,,,2026/08/01,5337.69,2026/09/11,2026/09/27,100.00,,srs1655p,6840,AGE 0 - 3+ DEBIT ORDER PEND,Legal,D4,https://url.za.m.mimecastprotect.com/s/R1nRCX6PV3H4yWXWUV5ULLiW1aDD,DEV12484,MS,K,,KISHA,DEVINE,0307030177082,,,,,,,,,,,,,,,Paid on 27th,0.00,0,1,16,,0,3,6,0694369347,,,,kishadevine740@gmail.com,,MobiMoney Restructure,2026/10/27,2026/09/11,300.00,srs1655p,DEV12484,,NO,,,,,,,
4915861,24475297,959990082902554,2026/08/01,2026/01/14,33,0,951119549158612,Finchoice,,,,,,0,1,5165.62,5377.18,537.72,2026/06/09,Incoming correspondence->Received E-mail->Debtor direct->Type of Payment->Obtained PTP,2026/08/24,Dialer Comments->Account Holder->Cellphone->Answering Machine,2026/09/02,SMS Status: DELIVRD - FINCHOICE REMINDERS SMS 28 09 26.txt,2026/09/28,60,500.00,2026/08/28,2026/08/28,2026/08/01,5877.18,2026/09/01,2026/09/27,500.00,,srs002,16922,PTP Overdue,Legal,D4,https://url.za.m.mimecastprotect.com/s/3JUuCY6ZX4HDJwLwFGEfJJixg1zQ,MAD57623,MS,A,,AYANDA,MADUNA,9001060259081,,,,,,,,,,,,,,,Paid on 25th,0.00,0,1,1,,0,1,2,0670443886,,,,madunaayanda71@gmail.com,,MobiMoney Restructure,,,0.00,,MAD57623,,NO,,,,,,,
4912326,24326325,959990121747556,2026/08/01,2026/01/05,9999,0,951119549123269,Finchoice,Trace Data,Trace Positive,,,2026/08/22,0,1,4329.85,5469.14,546.91,2026/06/09,Phone Call Made->Account Holder->Cellphone->Debtor direct->Type of Payment->Obtained PTP,2026/09/25,Phone Call Made->Account Holder->Cellphone->Debtor direct->Type of Payment->Obtained PTP,2026/09/25,cell....dr...dob...rfnp...dr said shes lost her job bt will affrd 100 every mnth....ptp.....100.....28 sept...eft,2026/09/25,60,0.00,,,2026/08/01,5469.14,2026/09/25,2026/09/28,100.00,,srs1655p,16922,PTP Overdue,Legal,D4,https://url.za.m.mimecastprotect.com/s/sIDHCZ4gX5H7V050ujDHVViB1mTG,MAG76069,MS,A,,AYANDA,MAGUBANE,8906180476087,,,,,,,,,,,,,,,Paid on 1st,0.00,1,2,44,,0,6,6,0763116363,,,,amagubane00@gmail.com,,6 Month Flexi,,,0.00,,MAG76069,,NO,,,,,,,
4891786,17668872,959990186849735,2026/07/24,2024/06/22,9999,0,951119548917869,Finchoice,Trace Data,Trace Positive,,,2026/08/12,0,2,5092.25,5613.01,561.30,2026/01/10,Phone Call Made->Account Holder->Cellphone->Debtor direct->Type of Payment->Obtained PTP,2026/09/15,Phone Call Made->Account Holder->Cellphone->Debtor direct->Type of Payment->Obtained PTP,2026/09/15,SMS Status: DELIVRD - FINCHOICE REMINDERS SMS 28 09 26.txt,2026/09/28,68,0.00,,2025/07/31,2026/07/24,5613.01,2026/09/15,2026/09/28,150.00,,srs0050ap,16922,PTP Overdue,Legal,D4,https://url.za.m.mimecastprotect.com/s/MBOCC1jM75H6DlMlSpBsppiVgphe,M1083658,MR,Q,,QABA,MANUEL,9201235915084,,,,,,,,,,,,,,,Paid on 29th,0.00,0,1,25,,0,3,4,0604367202,,,,qabamanuel382@gmail.com,,6 Month Flexi,,,0.00,,M1083658,,NO,,,,,,,
4896299,20940885,959990057613632,2026/07/24,2025/04/22,9999,0,951119548962998,Finchoice,Trace Data,Trace Positive,,,2026/08/12,0,2,5455.27,5675.79,567.58,2025/10/10,Phone Call Made->Account Holder->Cellphone->Debtor direct->Type of Payment->Obtained PTP,2026/09/25,Send SMS->Contact Us,2026/09/25,SMS Status: DELIVRD - FINCHOICE REMINDERS SMS 28 09 26.txt,2026/09/28,68,0.00,,2026/03/19,2026/07/24,5675.79,2026/09/25,2026/09/28,570.00,,srs1628p,16922,PTP Overdue,Legal,D4,https://url.za.m.mimecastprotect.com/s/GqI2C2RXJ6tVJgpgfBnH33i5vQV_,HER02906,MR,F,,FREDRICK,HERDER,7104195240083,,,,,,,,,,,,,,,Paid on 15th,0.00,1,2,17,,0,5,4,0720179039,,,,frikherder.24@gmail.com,,Finchoice Restructure,,,0.00,,HER02906,,NO,,,,,,,
4288816,18564377,959990017157621,2025/06/12,2024/09/19,97,0,951119542888165,Finchoice,Debit Order,Debit Order,,,2025/08/16,0,15,5868.17,5801.82,580.18,,Phone Call Made->Account Holder->Cellphone->Debtor direct->Type of Payment->Obtained PTP,2026/09/25,Phone Call Made->Account Holder->Cellphone->No Response->No Reply,2026/09/30,SMS Status: DELIVRD - FINCHOICE REMINDERS SMS 28 09 26.txt,2026/09/28,475,150.00,2026/06/25,2026/06/25,2025/06/12,6251.82,2026/09/25,2026/09/28,100.00,,srs1632p,16922,PTP Overdue,Legal,D4,https://url.za.m.mimecastprotect.com/s/dXSCC3l3J7CXJOpOU2qhZZiQEu5_,NTS06871,MS,N,,NOMALIZO,NTSINJANA,7702140982087,,,,,,,,,,,,,,,Paid on 28th,0.00,0,1,15,,0,1,6,0780150369,,,,noemail@gmail.com,,HomeChoice Restructure,,,0.00,,NTS06871,,NO,,,,,,,
4699661,20305589,959990086158997,2026/03/14,2025/02/27,85,0,951119546996618,Finchoice,,,,,,0,6,6207.25,5836.64,583.66,,Whats App->Incoming->Debtor direct->Type of Payment->Obtained PTP,2026/09/07,Whats App->Incoming->Debtor direct->Type of Payment->Obtained PTP,2026/09/07,SMS Status: DELIVRD - FINCHOICE REMINDERS SMS 28 09 26.txt,2026/09/28,200,100.00,2026/07/07,2026/07/07,2026/03/14,6086.64,2026/09/07,2026/09/28,250.00,,srs080,16922,PTP Overdue,Legal,D4,https://url.za.m.mimecastprotect.com/s/nZHrC482KgfzQqBqUBBSGGi4zeRC,HAR12364,MS,S,,SHARNAY,HARRIS,7607060066086,,,,,,,,,,,,,,,Paid on 31st,0.00,0,1,16,2026/09/30,0,2,3,0846308750,,,,sharnflu1@gmail.com,,6 Month Flexi,,,0.00,,HAR12364,,NO,,,,,,,
4910159,23532766,959990102698604,2026/08/01,2025/11/10,9999,0,951119549101596,Finchoice,Trace Class,Phone Trace,Trace Data,Trace Positive,2026/09/21,0,1,5129.37,5844.37,584.44,2026/04/09,Phone Call Made->Account Holder->Cellphone->Debtor direct->Type of Payment->Obtained PTP,2026/09/16,Dialer Comments->CPB 2->Cellphone->Ringing,2026/09/16,Changed Trace Class to None,2026/09/21,60,0.00,,,2026/08/01,5844.37,2026/09/16,2026/09/28,200.00,,srs0050ap,16922,PTP Overdue,Legal,D4,https://url.za.m.mimecastprotect.com/s/-sMpC58M0jfMQ2Z2uy2UqqikY9ox,VA19855,MS,L,,LORENSLA,VAN RENSBURG,8705050052089,,,,,,,,,,,,,,,Paid on 31st,0.00,0,1,5,,0,4,0,,,,,vanrensburglorensla05@gmail.com,,MobiMoney Restructure,,,0.00,,VA19855,,NO,,,,,,,
4911814,23910516,959990028133173,2026/08/01,2025/12/04,9999,0,951119549118145,Finchoice,Inbound Trapper,Trapped Call,Trace Data,Trace Positive,2026/09/30,0,1,4928.70,5913.46,591.35,2026/05/09,Phone Call Made->Account Holder->Cellphone->Debtor direct->Type of Payment->Obtained PTP,2026/09/01,Phone Call Made->Account Holder->Cellphone->No Response->Disconnected,2026/09/30,Changed Inbound Trapper to Trapped Call,2026/09/30,60,0.00,,,2026/08/01,5913.46,2026/09/01,2026/09/26,592.00,,srs1639p,16922,PTP Overdue,Legal,D4,https://url.za.m.mimecastprotect.com/s/ZmtTC66MVkHPAqrqfmxT77i54Ygd,ATH00043,MISS,M,,MONA,ATHANE,7602060728082,,,,,,,,,,,,,,,Paid on 25th,0.00,0,1,2,,0,1,2,0727704523,,0728984065,,tuntumaria1976@gmail.com,,Finchoice Restructure,,,0.00,,ATH00043,,NO,,,,,,,
4917472,24386878,959990103380186,2026/08/01,2026/01/07,9999,0,951119549174726,Finchoice,Settlement,Settlement Accepted,,,2026/08/19,0,1,5066.31,5915.77,591.58,2026/06/09,Phone Call Made->Account Holder->Cellphone->Debtor direct->Settlement Negotiated->Type of Payment->Obtained PTP,2026/09/10,Phone Call Made->Account Holder->Cellphone->No Response->No Reply,2026/09/30,SMS Status: DELIVRD - finchoice reminders 25-09-26.txt,2026/09/25,60,0.00,,,2026/08/01,5915.77,2026/09/10,2026/09/28,4736.00,,srs1086p,16922,PTP Overdue,Legal,D4,https://url.za.m.mimecastprotect.com/s/Rj_rC76MJlHzxwAwUBRh33ioT-7-,DAN13985,MR,C,,CADIAN,DANIELS,8605155108085,,,,,,,,,,,,,,,Paid on 31st,0.00,0,1,23,,0,4,5,0752048478,,0219597733,,danielscadiann@gmail.com,,MobiMoney Restructure,,,0.00,,DAN13985,,NO,,,,,,,
4897851,20504188,959990042513939,2026/07/24,2025/03/17,9999,0,951119548978515,Finchoice,Trace Data,Trace Positive,,,2026/08/12,0,2,9451.90,5922.27,592.23,2026/03/09,Whats App->Incoming->Debtor direct->Type of Payment->Obtained PTP,2026/09/23,Dialer Comments->Account Holder->Cellphone->Ringing,2026/09/23,SMS Status: EXPIRED - finchoice reminders 25-09-26.txt,2026/09/25,68,0.00,,2025/09/25,2026/07/24,5922.27,2026/09/23,2026/09/25,300.00,,srs0050ap,16922,PTP Overdue,Legal,D4,https://url.za.m.mimecastprotect.com/s/e0xYC8qgYmhXZE6EU2zCggiy6OpO,NTA04417,MS,D,,DIEKETSO,NTAOPANE,9209091141083,,,,,,,,,,,,,,,Paid on 25th,0.00,0,1,51,,0,5,3,0768973311,,,,ndieketso@gmail.com,,MobiMoney,,,0.00,,NTA04417,,NO,,,,,,,
4741416,14249330,959990011886126,2026/04/07,2023/06/21,9999,0,951119547414165,Finchoice,Customer Class,Unemployed,,,2026/07/15,0,5,8350.31,5996.22,599.62,2025/08/10,Phone Call Made->Account Holder->Cellphone->Debtor direct->Type of Payment->EasyPay,2026/09/15,Phone Call Made->Account Holder->Cellphone->Debtor direct->Type of Payment->EasyPay,2026/09/15,SMS Status: DELIVRD - FINCHOICE PAST DUE SMS 28 09 26.txt,2026/09/28,176,0.00,,2025/04/02,2026/04/07,5996.22,2026/09/15,2026/09/25,100.00,,srs1689p,16922,PTP Overdue,Legal,D4,https://url.za.m.mimecastprotect.com/s/eLuPC98jXnfzgDkDU3ZuNNiqWlJF,MAN11995,MS,R,,RAMATSOBANE,MANGANYI,7408140556083,,,,,,,,,,,,,,,Paid on 31st,0.00,0,1,33,,0,3,5,0727335730,,,,annahanisky4@gmail.com,,HomeChoice Restructure,,,0.00,,MAN11995,,NO,,,,,,,
4667510,13823735,959990038420487,2026/02/23,2023/05/16,167,0,951119546675105,Finchoice,Customer Class,Employment Confirmed,Debit Order,Debit Order,2026/06/10,0,7,6720.15,6049.27,604.93,,Phone Call Made->Account Holder->Cellphone->Debtor direct->Type of Payment->Obtained PTP,2026/09/24,Phone Call Made->Account Holder->Cellphone->No Response->No Reply,2026/09/30,SMS Status: DELIVRD - FINCHOICE PAST DUE SMS 28 09 26.txt,2026/09/28,219,300.00,2026/04/16,2026/04/16,2026/02/23,6649.27,2026/09/24,2026/09/26,150.00,,srs1686p,16922,PTP Overdue,Legal,D4,https://url.za.m.mimecastprotect.com/s/EoJhC0gM34UkDpGpT2oHPPi9IdVM,MOT50067,MS,M,,MANTOA,MOTLOI,8703190810086,,,,,,,,,,,,,,,Paid on 15th,0.00,1,4,6,,0,4,6,0814690542,,,,mantoamokgadi165@gmail.com,,HomeChoice Restructure,,,0.00,,MOT50067,,NO,,,,,,,
4965375,13856135,959990119619965,2026/09/15,2023/05/22,9999,0,951119549653752,Finchoice,,,,,,0,0,42055.77,6403.82,640.38,2024/10/10,Incoming correspondence->Received E-mail->Debtor direct->Obtained Information->Other,2026/09/23,Phone Call Made->Account Holder->Cellphone->Left Message->Voicemail Lite,2026/09/28,CALLED - 0832652474 - RANG TO VOICEMAIL LEFT MESG,2026/09/28,15,0.00,,2026/06/04,2026/09/15,6403.82,2026/09/23,2026/09/26,1500.00,,srs1693,16922,PTP Overdue,Legal,D4,https://url.za.m.mimecastprotect.com/s/GpqcCg5yXvHqxDADu26Ikki4qEte,AJA00296,MR,L,,LUQMAAN,AJAM,8908235186083,,,,,,,,,,,,,,,Paid on 26th,0.00,0,1,52,,0,2,4,0832652474,,,,l.ajam@yahoo.com,,12 Month Flexi,,,0.00,,AJA00296,,NO,,,,,,,
4918471,23464087,959990219253970,2026/08/01,2025/11/05,9999,0,951119549184717,Finchoice,Trace Data,Trace Positive,,,2026/08/22,0,1,5651.68,6440.47,644.05,2026/04/09,Phone Call Made->Account Holder->Cellphone->Debtor direct->Type of Payment->Obtained PTP,2026/09/16,Send SMS->Banking Details,2026/09/16,SMS Status: DELIVRD - FINCHOICE REMINDERS SMS 28 09 26.txt,2026/09/28,60,0.00,,,2026/08/01,6440.47,2026/09/16,2026/09/28,500.00,,srs1480p,16922,PTP Overdue,Legal,D4,https://url.za.m.mimecastprotect.com/s/V2pQCj2BJyiYMVnVs5gtAAim5rhM,MPO22225,MR,M,,MSIZI,MPOFANA,9208126037084,,,,,,,,,,,,,,,Paid on 30th,0.00,0,1,17,,0,4,5,0760752898,,,,Msizimpofana3@gmail.com,,MobiMoney Restructure,,,0.00,,MPO22225,,NO,,,,,,,
4910432,23483904,959990101595298,2026/08/01,2025/11/06,9999,0,951119549104327,Finchoice,Trace Data,Trace Positive,,,2026/08/22,0,1,5442.93,6495.64,649.56,2026/04/09,Phone Call Made->Account Holder->Cellphone->Debtor direct->Type of Payment->Obtained PTP,2026/09/18,Send SMS->Banking Details,2026/09/18,SMS Status: DELIVRD - FINCHOICE PAST DUE SMS 28 09 26.txt,2026/09/28,60,0.00,,,2026/08/01,6495.64,2026/09/18,2026/09/25,100.00,,srs0050ap,16922,PTP Overdue,Legal,D4,https://url.za.m.mimecastprotect.com/s/xNbjCk5gMzHk6POPTQGtnniGBnUW,FIL02723,MRS,M,,MARSHALL,FILANDER,7104205254082,,,,,,,,,,,,,,,Paid on 25th,0.00,0,1,31,,0,4,5,0633507346,0227013153,,,marshallfilander1@fmail.com,,Finchoice Restructure,,,0.00,,FIL02723,,NO,,,,,,,
4902883,20904741,959990228260685,2026/07/24,2025/04/19,35,0,951119549028831,Finchoice,Trace Data,Trace Positive,,,2026/08/12,0,2,5650.89,6506.64,650.66,2026/03/09,Phone Call Made->Account Holder->Cellphone->Debtor direct->Type of Payment->Obtained PTP,2026/09/03,Phone Call Made->Account Holder->Cellphone->Debtor direct->Type of Payment->Obtained PTP,2026/09/03,SMS Status: DELIVRD - FINCHOICE PAST DUE SMS 28 09 26.txt,2026/09/28,68,250.00,2026/08/26,2026/08/26,2026/07/24,6756.64,2026/09/03,2026/09/25,250.00,,srs1655p,16922,PTP Overdue,Legal,D4,https://url.za.m.mimecastprotect.com/s/0GdjClO06Ai15j2jsylFMMiz5Voi,NAI59524,MR,S,,SUBASHAN,NAIDOO,8808245106081,,,,,,,,,,,,,,,Paid on 22nd,0.00,0,1,2,,0,1,2,0720123171,,0311002000,,subashannaidoo34@gmail.com,,MobiMoney,,,0.00,,NAI59524,,NO,,,,,,,
4918601,23463319,959990126080714,2026/08/01,2025/11/05,9999,0,951119549186019,Finchoice,Trace Data,Trace Positive,,,2026/08/22,0,1,5321.11,6553.62,655.36,2026/04/09,Phone Call Made->Account Holder->Cellphone->Debtor direct->Type of Payment->Obtained PTP,2026/09/14,Phone Call Made->Account Holder->Cellphone->Debtor direct->Type of Payment->Obtained PTP,2026/09/14,SMS Status: DELIVRD - FINCHOICE PAST DUE SMS 28 09 26.txt,2026/09/28,60,0.00,,,2026/08/01,6553.62,2026/09/14,2026/09/25,100.00,,srs1689p,6840,AGE 0 - 3+ DEBIT ORDER PEND,Legal,D4,https://url.za.m.mimecastprotect.com/s/Dg3bCmwkXBfpK9j9TBMI88iRJjAR,RUS01743,MS,R,,ROEKSHANA,RUSTIN,0111170110089,,,,,,,,,,,,,,,Paid on 25th,0.00,0,1,24,,0,3,7,0677996864,,,,rrustin@crazystore.co.za,,6 Month Flexi,2026/10/26,2026/09/14,300.00,srs1689p,RUS01743,,NO,,,,,,,
4898947,15262114,959990124697030,2026/07/24,2023/09/27,9999,0,951119548989470,Finchoice,Customer Class,Unemployed,Trace Data,Trace Positive,2026/08/25,0,2,9938.18,6637.79,663.78,2026/02/10,Whats App->Incoming->Debtor direct->Type of Payment->Obtained PTP,2026/09/01,Phone Call Made->Account Holder->Other->Other Person->Co-worker->Whereabouts unknown,2026/09/30,wrong number,2026/09/30,68,0.00,,2024/07/16,2026/07/24,6637.79,2026/09/01,2026/09/25,350.00,,srs080,16922,PTP Overdue,Legal,D4,https://url.za.m.mimecastprotect.com/s/Waz5CnZlJDUXqk7kUNMSQQiJ4gv5,MOR65999,MISS,N,,NTHABISENG,MORRIS,9906170111081,,,,,,,,,,,,,,,Paid on 25th,0.00,0,1,4,,0,1,2,0810696398,,0518236485,,thabimorris@gmail.com,,HomeChoice Restructure,,,0.00,,MOR65999,,NO,,,,,,,
4909145,24059889,959990081127955,2026/08/01,2025/12/17,9999,0,951119549091458,Finchoice,Customer Class,Unemployed,,,2026/09/17,0,1,5445.69,6723.73,672.37,2026/06/09,Phone Call Made->Account Holder->Cellphone->Debtor direct->Type of Payment->Obtained PTP,2026/09/25,Phone Call Made->Account Holder->Cellphone->Debtor direct->Type of Payment->Obtained PTP,2026/09/25,cell..dr...dob.....dr said he will pay the 200 tommorw via eft,2026/09/25,60,0.00,,,2026/08/01,6723.73,2026/09/25,2026/09/26,200.00,,srs1655p,16922,PTP Overdue,Legal,D4,https://url.za.m.mimecastprotect.com/s/j4-KCoYmJETDLQrQFVBsqqipYr-D,ROO04168,MR,J,,JAN,ROODE,8807185046083,,,,,,,,,C.E.ROODE1993@GMAIL.COM,,,,,,Paid on 31st,0.00,1,2,41,,0,7,5,0652760447,,,,Janroode88@gmail.com,,Finchoice Restructure,,,0.00,,ROO04168,,NO,,,,,,,
4908683,23529770,959990229136215,2026/08/01,2025/11/10,9999,0,951119549086839,Finchoice,,,,,,0,1,5649.75,6755.68,675.57,2026/05/09,Phone Call Made->Account Holder->Cellphone->Debtor direct->Type of Payment->Obtained PTP,2026/09/14,Send SMS->Banking Details,2026/09/14,SMS Status: DELIVRD - FINCHOICE PAST DUE SMS 28 09 26.txt,2026/09/28,60,0.00,,2025/12/09,2026/08/01,6755.68,2026/09/14,2026/09/25,200.00,,srs0805p,16922,PTP Overdue,Legal,D4,https://url.za.m.mimecastprotect.com/s/BA0aCpgnVGU9N7n7hY5h22iGg7UJ,SEL68030,MR,T,,THABO,SELOWA,9601305980084,,,,,,,,,,,,,,,Paid on 31st,0.00,0,1,22,,0,3,6,0729362895,,,,mrtselowa@gmail.com,,6 Month Flexi,,,0.00,,SEL68030,,NO,,,,,,,
4901555,20703310,959990142100496,2026/07/24,2025/04/01,9999,0,951119549015556,Finchoice,Trace Data,Trace Positive,Customer Class,Employment Confirmed,2026/08/12,0,2,6764.75,6809.60,680.96,2026/01/11,Phone Call Made->Account Holder->Cellphone->Debtor direct->Type of Payment->Obtained PTP,2026/09/05,Phone Call Made->Account Holder->Cellphone->No Response->Engaged,2026/09/26,SMS Status: DELIVRD - FINCHOICE REMINDERS SMS 28 09 26.txt,2026/09/28,68,0.00,,2025/10/30,2026/07/24,6809.60,2026/09/05,2026/09/28,300.00,,srs1675p,16922,PTP Overdue,Legal,D4,https://url.za.m.mimecastprotect.com/s/Vr1cCqjo8JH1PV8VsQjSKKiE6M50,MHL64690,MR,T,,THAPELO,MHLABA,9206205392081,,,,,,,,,,,,,,,Paid on 30th,0.00,0,1,7,,0,3,6,0765609557,,,,Lawrencethapelo920@gmail.com,,MobiMoney,,,0.00,,MHL64690,,NO,,,,,,,
4741882,17265302,959990134375759,2026/04/07,2024/05/13,33,0,951119547418828,Finchoice,Customer Class,Unemployed,,,2026/04/20,0,5,7674.06,6814.85,681.49,2025/10/10,Phone Call Made->Account Holder->Cellphone->Debtor direct->Type of Payment->Obtained PTP,2026/08/27,Phone Call Made->Account Holder->Cellphone->No Response->Disconnected,2026/09/02,SMS Status: DELIVRD - FINCHOICE REMINDERS SMS 28 09 26.txt,2026/09/28,176,100.00,2026/08/28,2026/08/28,2026/04/07,7114.85,2026/09/02,2026/09/28,100.00,,srs1645p,16922,PTP Overdue,Legal,D4,https://url.za.m.mimecastprotect.com/s/pBxUCr0p7Kfr0W8WU42f66i4zjEp,SIK26631,MS,B,,BUSIWE,SIKADE,8609151320082,,,,,,,,,,,,,,,Paid on 28th,0.00,0,1,1,,0,1,2,0717966149,,,,siwesikade22@gmail.com,,HomeChoice Restructure,,,0.00,,SIK26631,,NO,,,,,,,
4902431,19774296,959990005391703,2026/07/24,2025/01/10,9999,0,951119549024319,Finchoice,Trace Data,Trace Positive,,,2026/08/12,0,2,6891.02,6899.63,689.96,2025/08/10,Phone Call Made->Account Holder->Work->Debtor direct->Type of Payment->Obtained PTP,2026/09/16,Phone Call Made->Account Holder->Other->Other Person->Co-worker->Obtained Information->Other,2026/09/30,lady adv that dr is not available,2026/09/30,68,0.00,,2025/09/04,2026/07/24,7149.63,2026/09/16,2026/09/26,250.00,,srs0080ap,16922,PTP Overdue,Legal,D4,https://url.za.m.mimecastprotect.com/s/y1aiCvgwJOUEjR7RuzvclliQfeO-,MPH01939,MR,SG,,SKHUMBUZO,MPHARO,8210315395084,,,,,,,,,,,,,,,Paid on 26th,0.00,0,1,37,,0,4,5,0607684087,0834076690,0117869567,,giftmpharo@gmail.com,,Finchoice Restructure,,,0.00,,MPH01939,,NO,,,,,,,
4914658,23724814,959990144715432,2026/08/01,2025/11/24,9999,0,951119549146583,Finchoice,Trace Data,Trace Positive,,,2026/08/22,0,1,5649.75,7007.26,700.73,2026/06/09,Phone Call Made->Account Holder->Cellphone->Debtor direct->Type of Payment->Obtained PTP,2026/09/19,Phone Call Made->Account Holder->Cellphone->No Response->No Reply,2026/09/30,SMS Status: DELIVRD - FINCHOICE PAST DUE SMS 28 09 26.txt,2026/09/28,60,0.00,,,2026/08/01,7007.26,2026/09/19,2026/09/25,100.00,,srs1689p,16922,PTP Overdue,Legal,D4,https://url.za.m.mimecastprotect.com/s/DML1CwjxgPHvz2G2u9mCGGiJfP84,MA979429,MS,A,,AKHONA,MALUSI,9609101714086,,,,,,,,,,,,,,,Paid on 25th,0.00,0,1,31,,0,4,5,0797815597,,,,apmalusi24@gmail.com,,12 Month Flexi,,,0.00,,MA979429,,NO,,,,,,,
4899392,20432702,959990136611235,2026/07/24,2025/03/10,9999,0,951119548993928,Finchoice,Settlement,Possible Payment/Negotiation in Process,Trace Data,Trace Positive,2026/09/09,0,2,6764.75,7021.19,702.12,2025/12/09,Phone Call Made->Account Holder->Cellphone->Debtor direct->Type of Payment->Obtained PTP,2026/09/25,Send SMS->Contact Us,2026/09/25,SMS Status: DELIVRD - FINCHOICE PAST DUE SMS 28 09 26.txt,2026/09/28,68,0.00,,2025/06/27,2026/07/24,7021.19,2026/09/25,2026/09/26,500.00,,srs1690p,16922,PTP Overdue,Legal,D4,https://url.za.m.mimecastprotect.com/s/TWEhCxGyjQUL4z1zUYDCEEiyd9Mt,MA900026,MR,C,,CHRIS,MATHEBULA,7305125525085,,,,,,,,,CHRISTOPHER.MATHEBULA@BATEMAN.CO.ZA,,,,,,Paid on 30th,0.00,1,2,49,,0,4,6,0712556045,,,,mc.chiloane60@outlook.com,,MobiMoney,,,0.00,,MA900026,,NO,,,,,,,
4912424,24464253,959990201963255,2026/08/01,2026/01/13,9999,0,951119549124242,Finchoice,Trace Data,Trace Positive,,,2026/08/22,0,1,6764.75,7065.05,706.51,2026/06/09,Whats App->Incoming->Debtor direct->Type of Payment->Obtained PTP,2026/09/04,Whats App->Incoming->Debtor direct->Type of Payment->Obtained PTP,2026/09/04,SMS Status: DELIVRD - FINCHOICE REMINDERS SMS 28 09 26.txt,2026/09/28,60,0.00,,,2026/08/01,7065.05,2026/09/04,2026/09/28,1000.00,,srs080,16922,PTP Overdue,Legal,D4,https://url.za.m.mimecastprotect.com/s/dHoiCy8zkRf7zprpuQ5hmmixwFKI,GOV34018,MR,D,,DAYLYN,GOVENDER,0110295179086,,,,,,,,,,,,,,,Paid on 28th,0.00,0,1,11,,0,2,3,0813429096,,,,dayls.govender@gmail.com,,MobiMoney,,,0.00,,GOV34018,,NO,,,,,,,
4916816,23822321,959990219040401,2026/08/01,2025/11/28,9999,0,951119549168165,Finchoice,Debit Order,Debit Order,Customer Class,Employment Confirmed,2026/08/03,0,1,5899.11,7114.81,711.48,2026/05/09,Phone Call Made->Account Holder->Cellphone->Debtor direct->Type of Payment->Obtained PTP,2026/09/16,Phone Call Made->Account Holder->Cellphone->Debtor direct->Type of Payment->Obtained PTP,2026/09/16,SMS Status: DELIVRD - FINCHOICE PAST DUE SMS 28 09 26.txt,2026/09/28,60,0.00,,,2026/08/01,7114.81,2026/09/16,2026/09/26,100.00,,srs1689p,16922,PTP Overdue,Legal,D4,https://url.za.m.mimecastprotect.com/s/1LFLCzmAl0cGp7M7IgvH77i9mt5M,BAA09941,MS,F,,FRANSIENA MONICA REBBECCA,BAARDMAN,9711141175086,,,,,,,,,,,,,,,Paid on 25th,0.00,0,1,50,,0,3,4,0623578442,,,,fransienabaardman@gmail.com,,Finchoice Restructure,,,0.00,,BAA09941,,NO,,,,,,,
4914864,23536876,959990083355695,2026/08/01,2025/11/11,9999,0,951119549148647,Finchoice,Settlement,Possible Payment/Negotiation in Process,,,2026/09/10,0,1,6442.56,7143.80,714.38,2026/05/09,Phone Call Made->Account Holder->Cellphone->Debtor direct->Obtained Information->Other,2026/09/28,Supervisor Action->E-mail Sent,2026/09/28,Please note that we have note received the Settlement Payment towards your Finchoice account. Kindly note that we require payment to be made today. If you are making payment you must notify me.,2026/09/28,60,0.00,,2025/11/28,2026/08/01,7143.80,2026/09/10,2026/09/25,5716.00,,srs1296p,6821,AGE 1- PIE,Legal,D4,https://url.za.m.mimecastprotect.com/s/c8QTCAnrOyUZ38N8u9ZS99iGOYwo,MAB91335,MS,L,,LISEKHO,MABULA,9703220353080,,,,,,,,,,,,,,,Paid on 28th,0.00,0,1,21,,0,3,4,0678984253,,,,mabulaliegh19@gmail.com,,Finchoice Restructure,,,0.00,,MAB91335,,NO,,,,,,,
4907659,24005898,959990064997473,2026/08/01,2025/12/11,9999,0,951119549076590,Finchoice,Trace Data,Trace Positive,,,2026/08/22,0,1,5092.25,7225.07,722.51,2026/06/09,Whats App->Incoming->Debtor direct->Type of Payment->Obtained PTP,2026/09/07,Whats App->Incoming->Debtor direct->Type of Payment->Obtained PTP,2026/09/07,SMS Status: DELIVRD - FINCHOICE PAST DUE SMS 28 09 26.txt,2026/09/28,60,0.00,,,2026/08/01,7225.07,2026/09/07,2026/09/26,200.00,,srs1655p,16922,PTP Overdue,Legal,D4,https://url.za.m.mimecastprotect.com/s/q4M-CBgvEzUD9y7yFNVFyyi2BZ91,ELS01361,MR,S,,SEAN,ELS,7410215044086,,,,,,,,,SEANE@BROLAZ.COM,,,,,,Paid on 26th,0.00,0,1,9,2026/09/30,0,2,3,0768614309,,,,seanpta@gmail.com,,6 Month Flexi,,,0.00,,ELS01361,,NO,,,,,,,
4912964,24176245,959990042728461,2026/08/01,2025/12/23,9999,0,951119549129647,Finchoice,,,,,,0,1,6798.20,7259.20,725.92,2026/06/09,Phone Call Made->Account Holder->Cellphone->Debtor direct->Type of Payment->Obtained PTP,2026/09/11,Phone Call Made->Account Holder->Cellphone->No Response->No Reply,2026/09/26,SMS Status: EXPIRED - FINCHOICE PAST DUE SMS 28 09 26.txt,2026/09/28,60,0.00,,,2026/08/01,7259.20,2026/09/11,2026/09/25,1000.00,,srs1687p,16922,PTP Overdue,Legal,D4,https://url.za.m.mimecastprotect.com/s/y3raCDRxEBtoKy5yuA3SGGijvgTV,TEK00633,MS,E,,EMMELDA,TEKE,8604200413087,,,,,,,,,,,,,,,Paid on 25th,0.00,0,1,15,,0,3,3,0714952255,,,,lramatlho@gmail.com,,MobiMoney,,,0.00,,TEK00633,,NO,,,,,,,
4913943,24143086,959990026112666,2026/08/01,2025/12/21,9999,0,951119549139430,Finchoice,Trace Data,Trace Positive,,,2026/08/22,0,1,6056.84,7354.79,735.48,2026/06/09,Phone Call Made->Account Holder->Cellphone->Debtor direct->Type of Payment->Obtained PTP,2026/09/17,Phone Call Made->Account Holder->Cellphone->Left Message->Voicemail Lite,2026/09/25,SMS Status: DELIVRD - FINCHOICE REMINDERS SMS 28 09 26.txt,2026/09/28,60,0.00,,,2026/08/01,7354.79,2026/09/17,2026/09/28,500.00,,srs1675p,16922,PTP Overdue,Legal,D4,https://url.za.m.mimecastprotect.com/s/htuoCElyQDClJY3YCpEsGGi7fFcf,TSH20837,MS,A,,AMANDA,TSHANGELA,8011240432087,,,,,,,,,,,,,,,Paid on 28th,0.00,0,1,33,,0,3,5,0733505654,,0214443378,,nosangofojo1@gmail.com,,PayJustNow - Pay in 12,,,0.00,,TSH20837,,NO,,,,,,,
4903608,21144017,959990137270288,2026/07/24,2025/05/08,36,0,951119549036081,Finchoice,Trace Data,Trace Positive,,,2026/08/12,0,2,2542.08,7391.49,739.15,2026/03/09,Phone Call Made->Account Holder->Cellphone->Debtor direct->Type of Payment->Obtained PTP,2026/08/03,Phone Call Made->Account Holder->Cellphone->Left Message->Voicemail Lite,2026/08/24,SMS Status: DELIVRD - FINCHOICE PAST DUE SMS 28 09 26.txt,2026/09/28,68,200.00,2026/08/25,2026/08/25,2026/07/24,7591.49,2026/08/29,2026/09/25,200.00,,srs0801p,16922,PTP Overdue,Legal,D4,https://url.za.m.mimecastprotect.com/s/evDiCGZAKGUBp616ipqtmmiBCXQV,KHO66696,MRS,G,,GRACE,KHOZA,9801180147086,,,,,,,,,,,,,,,Paid on 2nd,0.00,0,1,0,,0,1,2,0682320950,,,,gracekhoza013@gmail.com,,PayJustNow - Pay in 12,,,0.00,,KHO66696,,NO,,,,,,,
4742697,19052834,959990127872937,2026/04/07,2024/11/05,91,0,951119547426979,Finchoice,Debit Order,Debit Order,Customer Class,Employment Confirmed,2026/05/12,0,5,11437.03,7414.37,741.44,2025/11/10,Phone Call Made->Account Holder->Cellphone->Debtor direct->Type of Payment->Obtained PTP,2026/09/10,Phone Call Made->Account Holder->Cellphone->Debtor direct->Type of Payment->Obtained PTP,2026/09/10,SMS Status: DELIVRD - FINCHOICE PAST DUE SMS 28 09 26.txt,2026/09/28,176,200.00,2026/07/01,2026/07/01,2026/04/07,7814.37,2026/09/10,2026/09/25,50.00,,srs1633p,16922,PTP Overdue,Legal,D4,https://url.za.m.mimecastprotect.com/s/fY85CJZ1XLUBmVqVizQI33iyx2GV,DAN17997,MR,J,,JOSHUA,DANIELS,9706105251089,,,,,,,,,,,,,,,Paid on 28th,0.00,0,1,22,,0,3,4,0742149231,,,,www.joshua1101@gmail.com,,12 Month Flexi,,,0.00,,DAN17997,,NO,,,,,,,
4741512,18952172,959990095180099,2026/04/07,2024/10/28,34,0,951119547415121,Finchoice,Employment Group,Self Employed,,,2026/05/18,0,5,8284.53,7691.54,769.15,2025/05/09,Phone Call Made->Account Holder->Cellphone->Debtor direct->Type of Payment->Obtained PTP,2026/08/20,Dialer Comments->Account Holder->Potential RPC->Abandon Call,2026/08/28,lady adv that dr is n/a,2026/08/27,176,100.00,2026/08/27,2026/08/27,2026/04/07,7991.54,2026/09/01,2026/09/27,100.00,,srs1654p,16922,PTP Overdue,Legal,D4,https://url.za.m.mimecastprotect.com/s/IvbzCKOGEMiDv626F31sBBi5PDOZ,MKH71155,MR,T,,THOBILE,MKHALIPHI,8706081094082,s/e,,,,,,,,,,,,,,Paid on 27th,0.00,0,1,0,,0,1,0,,,,0651614599,iginitiathobilem181@gmail.com,,HomeChoice Restructure,,,0.00,,MKH71155,,NO,,,,,,,
4893427,20408568,959990109295537,2026/07/24,2025/03/07,9999,0,951119548934278,Finchoice,Trace Data,Trace Positive,,,2026/08/12,0,2,7405.88,7722.96,772.30,2025/11/10,Whats App->Incoming->Debtor direct->Other,2026/09/09,Dialer Comments->Account Holder->Cellphone->Answering Machine,2026/09/09,SMS Status: DELIVRD - FINCHOICE PAST DUE SMS 28 09 26.txt,2026/09/28,68,0.00,,2025/05/23,2026/07/24,7722.96,2026/09/09,2026/09/25,560.00,,srs1304p,16922,PTP Overdue,Legal,D4,https://url.za.m.mimecastprotect.com/s/pmNiCLgGBNUkp7R7TPpcDDiytKZp,JOH12522,MS,F,,FAHIEM,JOHNSON,8406035119081,,,,,,,,,,,,,,,Paid on 26th,0.00,0,1,16,,0,2,5,0614667458,,,,Fahiemjohnson@gmail.com,,MobiMoney,,,0.00,,JOH12522,,NO,,,,,,,
4965314,16528378,959990035730490,2026/09/15,2024/02/26,9999,0,951119549653141,Finchoice,Inbound Trapper,Trapped Call,Trace Data,Trace Positive,2026/09/30,0,0,6207.25,7735.16,773.52,2025/05/09,Phone Call Made->Account Holder->Cellphone->Debtor direct->Type of Payment->Obtained PTP,2026/09/21,Phone Call Made->Account Holder->Cellphone->Debtor direct->Type of Payment->Obtained PTP,2026/09/21,Changed Inbound Trapper to Trapped Call,2026/09/30,15,0.00,,2026/06/04,2026/09/15,7735.16,2026/09/21,2026/09/28,100.00,,srs1318p,16922,PTP Overdue,Legal,D4,https://url.za.m.mimecastprotect.com/s/FUSmCMjXB0H207q7uJyUZZi8YeOB,VAN42614,MS,E,,ELRICIA,VAN BLERK,8608130131081,,,,,,,,,,,,,,,Paid on the 9th,0.00,0,1,31,,0,2,5,0710761225,0343123138,0219372300,,elriciamiller6@gmail.com,,6 Month Flexi,,,0.00,,VAN42614,,NO,,,,,,,
4913845,24058543,959990181486475,2026/08/01,2025/12/17,35,0,951119549138457,Finchoice,Trace Data,Trace Positive,,,2026/08/22,0,1,5649.75,7765.12,776.51,2026/06/09,Phone Call Made->Account Holder->Cellphone->Debtor direct->Type of Payment->Obtained PTP,2026/09/16,Phone Call Made->Account Holder->Cellphone->No Response->No Reply,2026/09/26,SMS Status: DELIVRD - FINCHOICE PAST DUE SMS 28 09 26.txt,2026/09/28,60,100.00,2026/08/26,2026/08/26,2026/08/01,7865.12,2026/09/16,2026/09/25,100.00,,srs1675p,16922,PTP Overdue,Legal,D4,https://url.za.m.mimecastprotect.com/s/bukmCNxG1PiZrz0zujAh22iyhiYf,VA96100,MRS,W,,WENDY,VAN DER ROSS,0003170228088,,,,,,,,,,,,,,,Paid on 4th,0.00,1,2,16,,0,2,6,0691201490,,,,vanderrosswendy27@gmail.com,,6 Month Flexi,,,0.00,,VA96100,,NO,,,,,,,
4915988,23875501,959990068249202,2026/08/01,2025/12/02,9999,0,951119549159883,Finchoice,Customer Class,Employment Confirmed,,,2026/08/03,0,1,6655.10,7899.36,789.94,2026/05/09,Phone Call Made->Account Holder->Cellphone->Debtor direct->Type of Payment->Obtained PTP,2026/09/10,Phone Call Made->Account Holder->Cellphone->Left Message->Voicemail Lite,2026/09/30,voicemail,2026/09/30,60,0.00,,,2026/08/01,7899.36,2026/09/10,2026/09/25,700.00,,srs1631p,16922,PTP Overdue,Legal,D4,https://url.za.m.mimecastprotect.com/s/RGDACO7G9QUN9MpMhkQhBBiGOrF-,MA306697,MR,J,,JOEL,MATHEBA,7709295997083,,,,,,,,,,,,,,,Paid on 25th,0.00,0,1,45,,0,2,5,0798142006,,,,petermatheba005@gmail.com,,Finchoice Restructure,,,0.00,,MA306697,,NO,,,,,,,
4913205,24222596,959990102324219,2026/08/01,2025/12/29,9999,0,951119549132054,Finchoice,,,,,,0,1,6764.75,7903.87,790.39,2026/06/09,Phone Call Made->Account Holder->Cellphone->Debtor direct->Type of Payment->Obtained PTP,2026/09/07,Send SMS->Banking Details,2026/09/07,SMS Status: DELIVRD - FINCHOICE REMINDERS SMS 28 09 26.txt,2026/09/28,60,0.00,,,2026/08/01,7903.87,2026/09/07,2026/09/28,100.00,,srs1630p,16922,PTP Overdue,Legal,D4,https://url.za.m.mimecastprotect.com/s/7c7kCP1GJRf0rPKPU1KfllixKMIq,MOS68757,MR,R,,RAPULA,MOSASANE,9510195503080,,,,,,,,,,,,,,,Paid on 6th,0.00,0,1,15,,0,2,4,0784792330,,,,Rapula108@gmail.com,,MobiMoney,,,0.00,,MOS68757,,NO,,,,,,,
4911713,23430873,959990035408717,2026/08/01,2025/11/03,36,0,951119549117139,Finchoice,Customer Class,Employment Confirmed,,,2026/08/25,0,1,8994.75,7907.44,790.74,2026/06/09,Phone Call Made->Account Holder->Cellphone->Debtor direct->Type of Payment->Obtained PTP,2026/09/14,Phone Call Made->Account Holder->Cellphone->Other Person->Co-worker->Left Message->Voicemail Lite,2026/09/14,SMS Status: DELIVRD - FINCHOICE PAST DUE SMS 28 09 26.txt,2026/09/28,60,300.00,2026/08/25,2026/08/25,2026/08/01,8207.44,2026/09/14,2026/09/25,300.00,,srs0050ap,16922,PTP Overdue,Legal,D4,https://url.za.m.mimecastprotect.com/s/Y0saCQ1XLVfXEYkYUMpS99iGa0Zy,MOO07969,MR,G,,GARY,MOOS,8503095139080,,,,,,,,,,,,,,,Paid on 31st,0.00,0,1,18,,0,1,3,0798226566,,,,garym@cricket.co.za,,6 Month Flexi,,,0.00,,MOO07969,,NO,,,,,,,
4917627,24215944,959990083283764,2026/08/01,2025/12/27,9999,0,951119549176275,Finchoice,,,,,,0,1,6764.75,7911.60,791.16,2026/06/09,Phone Call Made->Account Holder->Cellphone->Debtor direct->Type of Payment->Obtained PTP,2026/08/25,Phone Call Made->Account Holder->Cellphone->Debtor direct->Type of Payment->Obtained PTP,2026/08/25,SMS Status: DELIVRD - FINCHOICE PAST DUE SMS 28 09 26.txt,2026/09/28,60,0.00,,,2026/08/01,7911.60,2026/08/25,2026/09/25,800.00,,srs1341p,16922,PTP Overdue,Legal,D4,https://url.za.m.mimecastprotect.com/s/Uyh9CRgXBWUGkxvxIPlu66i1oqkV,GOV12900,MS,B,,BRANDON,GOVENDER,8709075252088,,,,,,,,,GOVENDERBRANDON708@GMAIL.COM,,,,,,Paid on 25th,0.00,0,1,0,,0,1,2,0674079578,,0674079579,,bgovender812@gmail.com,,MobiMoney,,,0.00,,GOV12900,,NO,,,,,,,
4909814,23633452,959990006051595,2026/08/01,2025/11/18,9999,0,951119549098149,Finchoice,,,,,,0,1,7210.75,7966.46,796.65,2026/05/09,Phone Call Made->Account Holder->Cellphone->Debtor direct->Type of Payment->EasyPay,2026/09/21,Phone Call Made->Account Holder->Cellphone->Other Person->Co-worker->Obtained Information->Other,2026/09/30,lady adv that she will pay today,2026/09/30,60,0.00,,,2026/08/01,7966.46,2026/09/21,2026/09/25,500.00,,srs1655p,16922,PTP Overdue,Legal,D4,https://url.za.m.mimecastprotect.com/s/cfV_CVmWZ1c2LYxYuynurriEdnEW,MAL08120,MS,MP,,MOSETSANAGAPE,MALEBOGO,8202101064081,,,,,,,,,,,,,,,Paid on 31st,0.00,1,2,19,,0,5,8,0832456063,,,,Portiamontshiwagae@gmail.com,,MobiMoney,,,0.00,,MAL08120,,NO,,,,,,,
4909071,24087026,959990095050177,2026/08/01,2025/12/17,9999,0,951119549090716,Finchoice,Debit Order,Debit Order,,,2026/08/04,0,1,7033.97,8032.57,803.26,2026/06/09,Phone Call Made->Account Holder->Cellphone->Debtor direct->Type of Payment->Obtained PTP,2026/09/10,Phone Call Made->Account Holder->Cellphone->Other Person->Co-worker->Obtained Information->Other,2026/09/10,SMS Status: DELIVRD - FINCHOICE PAST DUE SMS 28 09 26.txt,2026/09/28,60,0.00,,2025/12/17,2026/08/01,8032.57,2026/09/10,2026/09/26,500.00,,srs1628p,16922,PTP Overdue,Legal,D4,https://url.za.m.mimecastprotect.com/s/aFEtCWn1B2U6gV5VSK9skkioAEQG,KAR03474,MR,J,,JUSTIN,KAROUZ,8710135063085,,,,,,,,,,,,,,,Paid on 26th,0.00,0,1,25,,0,3,4,0791447585,,,,jckarouztemp@gmail.com,,MobiMoney Restructure,,,0.00,,KAR03474,,NO,,,,,,,
3347039,8826439,959990042311870,2023/07/07,2021/05/25,318,0,951119533470395,Finchoice,Settlement,Possible Payment/Negotiation in Process,Employment Group,Self Employed,2026/04/17,0,38,9635.46,8085.46,808.55,,Phone Call Made->Account Holder->Cellphone->Debtor direct->Type of Payment->EasyPay,2026/09/22,Phone Call Made->Account Holder->Cellphone->Debtor direct->Type of Payment->EasyPay,2026/09/22,SMS Status: DELIVRD - FINCHOICE PAST DUE SMS 28 09 26.txt,2026/09/28,1181,150.00,2025/11/16,2025/11/16,2023/07/07,11435.46,2026/09/22,2026/09/25,100.00,,srs1689p,16922,PTP Overdue,,D4,https://url.za.m.mimecastprotect.com/s/BLoGCX6PV3H4yWXWUD5tLLiWkcGf,BAC00480,MS,N,,NOKUBONGA,BACELA,8511051069084,,,,,,,,,,,,,,,Paid on 25th,0.00,0,1,65,,0,0,5,0733956541,,,,,,HomeChoice Restructure,,,0.00,,BAC00480,,NO,,,,,,,
4741986,17549772,959990043207911,2026/04/07,2024/06/11,55,0,951119547419867,Finchoice,Customer Class,Unemployed,,,2026/05/08,0,5,7898.74,8125.77,812.58,2025/07/09,Phone Call Made->Account Holder->Cellphone->Debtor direct->Type of Payment->EasyPay,2026/09/14,Phone Call Made->Account Holder->Cellphone->Debtor direct->Type of Payment->EasyPay,2026/09/14,SMS Status: DELIVRD - finchoice reminders 25-09-26.txt,2026/09/25,176,100.00,2026/08/06,2026/08/06,2026/04/07,8325.77,2026/09/14,2026/09/25,100.00,,srs1630p,16922,PTP Overdue,Legal,D4,https://url.za.m.mimecastprotect.com/s/PytICY6ZX4HDJwLwF9EcJJixGOcT,NGC15738,MISS,N,,NOKUPHUMLA,NGCAMA,7709060351086,,,,,,,,,,,,,,,Paid on 31st,0.00,0,1,34,,0,3,8,0728128539,,,,nokuphumlangcama9@gmail.com,,HomeChoice Restructure,,,0.00,,NGC15738,,NO,,,,,,,
4918510,23408233,959990109475121,2026/08/01,2025/11/03,9999,0,951119549185102,Finchoice,Customer Class,Employment Confirmed,,,2026/08/05,0,1,7526.26,8488.01,848.80,2026/04/09,Phone Call Made->Account Holder->Cellphone->Debtor direct->Type of Payment->Obtained PTP,2026/09/10,Phone Call Made->Account Holder->Cellphone->Other Person->Co-worker->Obtained Information->Other,2026/09/25,SMS Status: DELIVRD - FINCHOICE REMINDERS SMS 28 09 26.txt,2026/09/28,60,0.00,,,2026/08/01,8488.01,2026/09/10,2026/09/28,848.00,,srs1656p,16922,PTP Overdue,Legal,D4,https://url.za.m.mimecastprotect.com/s/RsDtCZ4gX5H7V050uKDCVViBQTV4,MBU18697,MR,Y,,YONDELA,MBUSI,9205035657085,,,,,,,,,,,,,,,Paid on 28th,0.00,0,1,20,,0,3,4,0780740580,,,,mbusi.yondela13@gmail.com,,MobiMoney Restructure,,,0.00,,MBU18697,,NO,,,,,,,
4902487,20826351,959990036606590,2026/07/24,2025/04/11,57,0,951119549024871,Finchoice,Trace Data,Trace Positive,,,2026/08/12,0,2,6764.75,8504.30,850.43,2025/11/10,Phone Call Made->Account Holder->Cellphone->Debtor direct->Type of Payment->Obtained PTP,2026/09/09,Phone Call Made->Account Holder->Cellphone->Debtor direct->Type of Payment->Obtained PTP,2026/09/09,SMS Status: DELIVRD - FINCHOICE PAST DUE SMS 28 09 26.txt,2026/09/28,68,50.00,2026/08/04,2026/08/04,2026/07/24,8554.30,2026/09/09,2026/09/25,50.00,,srs1480p,16922,PTP Overdue,Legal,D4,https://url.za.m.mimecastprotect.com/s/nU2KC1jM75H6DlMlSXBhppiVbhi9,PER01384,MS,S,,SANDRA,PERUMAL,8209230143082,,,,,,,,,SANDRADA@NEDBANK.CO.ZA,,,,,,Paid on 25th,0.00,0,1,17,,0,1,3,0842040841,,,,sandyperumal23@gmail.com,,12 Month Flexi,,,0.00,,PER01384,,NO,,,,,,,
4915092,23760685,959990219430818,2026/08/01,2025/11/26,26,0,951119549150924,Finchoice,,,,,,0,1,7309.14,8550.05,855.01,2026/05/09,Incoming correspondence->Received E-mail->Debtor direct->Obtained Information->Other,2026/09/04,Dialer Comments->Account Holder->Cellphone->Answering Machine,2026/09/04,SMS Status: DELIVRD - FINCHOICE PAST DUE SMS 28 09 26.txt,2026/09/28,60,500.00,2026/09/04,2026/09/04,2026/08/01,9050.05,2026/09/09,2026/09/26,1000.00,,srs002,16922,PTP Overdue,Legal,D4,https://url.za.m.mimecastprotect.com/s/VBL8C2RXJ6tVJgpgf2nC33i53mRU,AND12641,MR,L,,LODEWYK,ANDREW,7803255392086,,,,,,,,,,,,,,,Paid on 25th,500.00,0,2,13,,0,3,4,0827853772,,,,Lodewykandrew78@gmail.com,,6 Month Flexi,,,0.00,,AND12641,,NO,,,,,,,
4913279,24107319,,2026/08/01,2025/12/19,9999,0,951119549132799,Finchoice,Trace Data,Trace Positive,,,2026/08/22,0,1,7364.17,8602.26,860.23,2026/05/09,Phone Call Made->Account Holder->Cellphone->Debtor direct->Type of Payment->Obtained PTP,2026/09/21,Phone Call Made->Account Holder->Cellphone->Debtor direct->Type of Payment->Obtained PTP,2026/09/21,SMS Status: DELIVRD - FINCHOICE REMINDERS SMS 28 09 26.txt,2026/09/28,60,0.00,,,2026/08/01,8602.26,2026/09/21,2026/09/28,200.00,,srs0050ap,16922,PTP Overdue,Legal,D4,https://url.za.m.mimecastprotect.com/s/tx1LC3l3J7CXJOpOUDqIZZiQyyBD,NDH12452,MR,T,,TUMISHO,NDHLOVU,9206205714086,,,,,,,,,,,,,,,Paid on 28th,0.00,0,1,30,,0,4,4,0792695328,,,,tumishojoel7@gmail.com,,12 Month Flexi,,,0.00,,NDH12452,,NO,,,,,,,
4897190,17192954,959990000280471,2026/07/24,2024/05/06,9999,0,951119548971908,Finchoice,Trace Data,Trace Positive,,,2026/08/12,0,2,11207.50,8606.18,860.62,2024/12/10,Phone Call Made->Account Holder->Cellphone->Debtor direct->Type of Payment->Obtained PTP,2026/09/04,Phone Call Made->Account Holder->Cellphone->Other Person->Co-worker->Refused,2026/09/04,SMS Status: DELIVRD - FINCHOICE PAST DUE SMS 28 09 26.txt,2026/09/28,68,0.00,,2026/01/05,2026/07/24,8606.18,2026/09/04,2026/09/25,100.00,,srs1510p,16922,PTP Overdue,Legal,D4,https://url.za.m.mimecastprotect.com/s/5DZJC482KgfzQqBqUWBfGGi46kn7,KHO00029,MISS,P,,PEGGY,KHOSA,7706230282084,,,,,,,,,,,,,,,Paid on 25th,0.00,0,1,10,,0,1,3,0685212272,,,,peggyk16@gmail.com,,MobiMoney,,,0.00,,KHO00029,,NO,,,,,,,
4741067,20288733,,2026/04/07,2025/02/26,62,0,951119547410676,Finchoice,Customer Class,Employment Confirmed,,,2026/05/26,0,5,11207.50,8740.77,874.08,2025/11/10,Whats App->Incoming->Debtor direct->Type of Payment->Obtained PTP,2026/09/07,Whats App->Incoming->Debtor direct->Type of Payment->Obtained PTP,2026/09/07,SMS Status: DELIVRD - FINCHOICE REMINDERS SMS 28 09 26.txt,2026/09/28,176,500.00,2026/07/30,2026/07/30,2026/04/07,9740.77,2026/09/07,2026/09/28,500.00,,srs080,16922,PTP Overdue,Legal,D4,https://url.za.m.mimecastprotect.com/s/8hiwC58M0jfMQ2Z2u22Iqqik1r89,MO464250,MR,M,,MOSIRA,MOTSATSE,8411175335083,,,,,,,,,,,,,MotsaM@eskom.co.za                      ,,Paid on 4th,0.00,0,1,15,,0,2,3,0835763418,,,,mosira.motsatse@gmail.com,,MobiMoney,,,0.00,,MO464250,,NO,,,,,,,
4203030,11485124,959990087940427,2025/04/15,2022/07/21,124,0,951119542030305,Finchoice,Customer Class,Unemployed,,,2026/02/12,0,17,18754.59,8746.77,874.68,,Phone Call Made->Account Holder->Cellphone->Debtor direct->Type of Payment->Obtained PTP,2026/09/11,Phone Call Made->Account Holder->Cellphone->Debtor direct->Type of Payment->Obtained PTP,2026/09/11,SMS Status: DELIVRD - FINCHOICE SPORADIC PAYER SMS 110 926.txt,2026/09/11,533,250.00,2026/05/29,2026/05/29,2025/04/15,10746.77,2026/09/11,2026/09/26,150.00,,srs0805p,16922,PTP Overdue,Legal,D4,https://url.za.m.mimecastprotect.com/s/fOPBC66MVkHPAqrqf5xh77i5g25x,MA426385,MR,K,,KEKOLE,MATHABATHE,7812166215088,,,,,,,,,,,,,,,Paid on 31st,0.00,0,1,36,,0,0,5,0608330204,0792116408,,,,,HomeChoice Restructure,,,0.00,,MA426385,,NO,,,,,,,
4902028,20255810,959990056995899,2026/07/24,2025/02/24,9999,0,951119549020283,Finchoice,,,,,,0,2,9421.35,8964.55,896.46,2025/10/10,Phone Call Made->Account Holder->Other->Debtor direct->Type of Payment->Obtained PTP,2026/09/25,Send SMS->Banking Details,2026/09/25,SMS Status: DELIVRD - FINCHOICE REMINDERS SMS 28 09 26.txt,2026/09/28,68,0.00,,2026/01/28,2026/07/24,8964.55,2026/09/25,2026/09/28,300.00,,srs1634p,16922,PTP Overdue,Legal,D4,https://url.za.m.mimecastprotect.com/s/LLG8C76MJlHzxwAwUNRF33io1dnk,MOM01003,MISS,V,,VUYOKAZI,MOMOTI,7001210887080,,,,,,,,,APHIWE2003@YAHOO.COM,,,,,,Paid on 15th,0.00,1,2,23,,0,6,5,0827962393,,,,vuyokazimomoti3@gmail.com,,MobiMoney,,,0.00,,MOM01003,,NO,,,,,,,
4918455,23738890,959990025644628,2026/08/01,2025/11/25,36,0,951119549184550,Finchoice,Customer Class,Employment Confirmed,,,2026/08/03,0,1,8189.28,9117.28,911.73,2026/05/09,Phone Call Made->Account Holder->Cellphone->Debtor direct->Type of Payment->Obtained PTP,2026/08/03,Phone Call Made->Account Holder->Home->No Response->Disconnected,2026/08/24,SMS Status: DELIVRD - FINCHOICE PAST DUE SMS 28 09 26.txt,2026/09/28,60,400.00,2026/08/25,2026/08/25,2026/08/01,9517.28,2026/08/29,2026/09/25,400.00,,srs0801p,16922,PTP Overdue,Legal,D4,https://url.za.m.mimecastprotect.com/s/LU-cC8qgYmhXZE6EUMzSggiykclj,AYE00010,MS,S,,STEPHANIE LEE,AYER,9110260145089,,,,,,,,,,,,,,,Paid on 25th,0.00,0,1,0,,0,1,2,0817191255,0210591475,,,stephanie.ayer@yahoo.com,,6 Month Flexi,,,0.00,,AYE00010,,NO,,,,,,,
4899562,15392102,959990095566776,2026/07/24,2023/10/09,9999,0,951119548995626,Finchoice,Trace Data,Trace Positive,,,2026/08/12,0,2,15207.50,9181.14,918.11,2024/06/10,Phone Call Made->Account Holder->Cellphone->Debtor direct->Type of Payment->Obtained DebiCheck Debit Order,2026/09/26,Phone Call Made->Account Holder->Cellphone->Debtor direct->Type of Payment->Obtained DebiCheck Debit Order,2026/09/26,SMS Status: DELIVRD - FINCHOICE PAST DUE SMS 28 09 26.txt,2026/09/28,68,0.00,,2026/02/19,2026/07/24,9181.14,2026/09/26,2026/09/26,100.00,,srs1633p,6840,AGE 0 - 3+ DEBIT ORDER PEND,Legal,D4,https://url.za.m.mimecastprotect.com/s/5VXqC98jXnfzgDkDUOZFNNiqhq5o,SHE13039,MS,S,,SHANTAL,SHEOBALAK,8611150069082,,,,,,,,,,,,,,,Paid on 15th,0.00,1,2,13,,0,5,4,0825295418,,0363525146,,shantalsheobalak@gmail.com,,12 Month Flexi,2026/10/15,2026/09/26,250.00,srs1633p,SHE13039,,NO,,,,,,,
4914017,24251569,959990066066293,2026/08/01,2025/12/29,9999,0,951119549140172,Finchoice,Customer Class,Employment Confirmed,,,2026/09/10,0,1,8114.70,9218.66,921.87,2026/06/09,Phone Call Made->Account Holder->Cellphone->Debtor direct->Type of Payment->Obtained PTP,2026/09/10,Phone Call Made->Account Holder->Cellphone->Debtor direct->Type of Payment->Obtained PTP,2026/09/10,SMS Status: DELIVRD - FINCHOICE PAST DUE SMS 28 09 26.txt,2026/09/28,60,0.00,,,2026/08/01,9218.66,2026/09/10,2026/09/25,400.00,,srs1355p,16922,PTP Overdue,Legal,D4,https://url.za.m.mimecastprotect.com/s/Gr2xC0gM34UkDpGpTWoCPPi9YAaI,MA293317,MR,S,,SIMON FUSI,MASEKO,7801275513087,,,,,,,,,,,,,,,Paid on 25th,0.00,0,2,33,,0,3,4,0649251486,0655938678,0568192700,0633679818,simonmaseko492@gmail.com,,MobiMoney Restructure,,,0.00,,MA293317,,NO,,,,,,,
4931336,17072004,959990087123826,2026/08/17,2024/04/24,9999,0,951119549313365,Finchoice,Debit Order,Debit Order,Customer Class,Employment Confirmed,2026/09/24,0,1,12088.54,9248.46,924.85,2025/10/10,Phone Call Made->Account Holder->Cellphone->Debtor direct->Type of Payment->Obtained PTP,2026/09/24,Phone Call Made->Account Holder->Cellphone->Debtor direct->Type of Payment->Obtained PTP,2026/09/24,cell ---spoke to dr confirm dob --- advise on acc status  also settlement ---i asked rfnp---- dr will pay R350 on the 26/10/26 ---dr will pay R350 on the 25/09/26 via d/d --- advise on cons/bens--- details confirmed.,2026/09/24,44,0.00,,2026/04/23,2026/08/17,9248.46,2026/09/24,2026/09/25,350.00,,srs1296p,6840,AGE 0 - 3+ DEBIT ORDER PEND,Legal,D4,https://url.za.m.mimecastprotect.com/s/YcVZCg5yXvHqxDADu36Ukki4BYPb,LUH00429,MISS,A,,ANDISWA,LUHADI,8712291025080,,,,,,,,,,,,,,,Paid on 25th,0.00,1,2,37,,0,4,10,0720988811,,,,andiswaluhadi62@gmail.com,,Finchoice Restructure,2026/11/25,2026/09/24,350.00,srs1296p,LUH00429,,NO,,,,,,,
4915832,23366606,959990137356871,2026/08/01,2025/10/31,9999,0,951119549158323,Finchoice,Trace Data,Trace Positive,,,2026/08/22,0,1,7748.94,9520.24,952.02,2026/04/09,Phone Call Made->Account Holder->Cellphone->Debtor direct->Type of Payment->Obtained PTP,2026/09/09,Send SMS->Banking Details,2026/09/09,SMS Status: DELIVRD - FINCHOICE PAST DUE SMS 28 09 26.txt,2026/09/28,60,0.00,,,2026/08/01,9520.24,2026/09/09,2026/09/25,100.00,,srs1355p,16922,PTP Overdue,Legal,D4,https://url.za.m.mimecastprotect.com/s/VJPACj2BJyiYMVnVs7ghAAimhJQv,SIM29098,MR,L,,LUCKY NHLANHLA,SIMELANE,8004245424084,,,,,,,,,,,,,,,Paid on 25th,0.00,0,1,12,,0,2,5,0837080930,,,,simelaneln@gmail.com,,6 Month Flexi,,,0.00,,SIM29098,,NO,,,,,,,
4910473,23877614,959990117812745,2026/08/01,2025/12/02,9999,0,951119549104731,Finchoice,,,,,,0,1,7943.35,9672.65,967.27,2026/05/09,Whats App->Incoming->Debtor direct->Type of Payment->Obtained PTP,2026/09/25,Dialer Comments->Account Holder->Cellphone->Answering Machine,2026/09/25,ACTIONED PTP AS PER ABOVE MEMO,2026/09/25,60,0.00,,,2026/08/01,9672.65,2026/09/25,2026/09/26,250.00,,srs002,16922,PTP Overdue,Legal,D4,https://url.za.m.mimecastprotect.com/s/ITYICk5gMzHk6POPT9GSnniGEfuW,PIE20987,MR,C,,CAMERON JAROOD,PIETERS,9706195102085,,,,,,,,,,,,,,,Paid on 25th,0.00,0,1,89,,0,7,5,0663569490,,,,cameronjarrodpieters@gmail.com,,6 Month Flexi,,,0.00,,PIE20987,,NO,,,,,,,
4918026,23693132,959990083454084,2026/08/01,2025/11/21,9999,0,951119549180269,Finchoice,Settlement,Settlement Accepted,,,2026/09/17,0,1,7761.43,9808.16,980.82,2026/05/09,Incoming correspondence->Received E-mail->Debtor direct->Settlement Negotiated->Obtained PTP,2026/09/17,Supervisor Action->E-mail Sent,2026/09/28,Please note that we did not receive Settlement Payments on your Finchoice accounts. Kindly note that urgent payment is required. Kindly notify me when you will settle your accounts.,2026/09/28,60,0.00,,,2026/08/01,9808.16,2026/09/17,2026/09/24,7847.00,,srs002,16922,PTP Overdue,Legal,D4,https://url.za.m.mimecastprotect.com/s/2vXcClO06Ai15j2jsqlsMMizs7A2,THW06779,MR,M,,MOEKETSI,THWALA,9009115553085,,,,,,,,,,,,,,,Paid on 31st,0.00,1,2,16,,0,3,4,0734727764,,,,mishthwala@gmail.com,,6 Month Flexi,,,0.00,,THW06779,,NO,,,,,,,
3100372,9172384,959990067100877,2026/02/23,2021/07/22,449,0,951119531003727,Finchoice,Customer Class,Unemployed,,,2023/01/16,0,7,13024.00,9859.49,985.95,,Phone Call Made->Account Holder->Cellphone->Debtor direct->Type of Payment->Obtained PTP,2026/09/10,Phone Call Made->Account Holder->Cellphone->Left Message->Voicemail Lite,2026/09/26,SMS Status: DELIVRD - FINCHOICE PAST DUE SMS 28 09 26.txt,2026/09/28,219,150.00,2025/07/08,2025/07/08,2023/01/13,12309.49,2026/09/10,2026/09/25,150.00,,srs1578p,16922,PTP Overdue,Legal,D4,https://url.za.m.mimecastprotect.com/s/t-B-CmwkXBfpK9j9T9MU88iRCJNS,MOJ06762,MRS,E,,ELSIE,MOJAPELO,8202100299084,,,,,,,,,,,,,,,Paid on 31st,0.00,0,1,24,,0,2,4,0839609818,,,,elsiedmojapelo@gmail.com,,HomeChoice Restructure,,,0.00,,MOJ06762,,NO,,,,,,,
4908140,24165376,959990191433251,2026/08/01,2025/12/23,9999,0,951119549081400,Finchoice,,,,,,0,1,7355.70,9938.62,993.86,2026/05/09,Phone Call Made->Account Holder->Cellphone->Debtor direct->Type of Payment->Obtained PTP,2026/09/21,Phone Call Made->Account Holder->Cellphone->No Response->Disconnected,2026/09/28,CALLED 0826222027 - CALL RINGS AND PERSON CUTS THE CALL,2026/09/28,60,0.00,,,2026/08/01,9938.62,2026/09/21,2026/09/26,2000.00,,srs1339p,16922,PTP Overdue,Legal,D4,https://url.za.m.mimecastprotect.com/s/v-JBCnZlJDUXqk7kUZMCQQiJmEFd,TUB00823,MS,O,,ODIRILE,TUBE,7903025620087,,,,,,,,,TUBEOP@ESKOM.CO.ZA,,,,,,Paid on 31st,0.00,0,1,42,,0,4,5,0826222027,,,,odirilet10@gmail.com,,MobiMoney,,,0.00,,TUB00823,,NO,,,,,,,
4908513,24195457,959990142242355,2026/08/01,2025/12/24,9999,0,951119549085138,Finchoice,Trace Data,Trace Positive,,,2026/08/22,0,1,8810.08,10161.58,1016.16,2026/06/09,Phone Call Made->Account Holder->Cellphone->Debtor direct->Type of Payment->Obtained PTP,2026/09/16,Phone Call Made->Account Holder->Cellphone->No Response->No Reply,2026/09/26,SMS Status: DELIVRD - FINCHOICE PAST DUE SMS 28 09 26.txt,2026/09/28,60,0.00,,,2026/08/01,10161.58,2026/09/16,2026/09/24,350.00,,srs1634p,16922,PTP Overdue,Legal,D4,https://url.za.m.mimecastprotect.com/s/fVeVCoYmJETDLQrQF6BIqqipQ81v,SAM26282,MS,N,,NOMALIZO LIZZY,SAMS,9103181317085,,,,,,,,,,,,,,,Paid on 22nd,0.00,0,1,31,,0,5,6,0789155862,,,,nomalizosams94@gmail.com,,MobiMoney Restructure,,,0.00,,SAM26282,,NO,,,,,,,
4897052,21134416,959990083418105,2026/07/24,2025/05/08,9999,0,951119548970520,Finchoice,Trace Data,Trace Positive,,,2026/08/12,0,2,9099.72,10380.90,1038.09,2025/11/10,Phone Call Made->Account Holder->Cellphone->Debtor direct->Type of Payment->Obtained PTP,2026/09/11,Phone Call Made->Account Holder->Cellphone->No Response->Disconnected,2026/09/30,cell---call cut,2026/09/30,68,0.00,,,2026/07/24,10380.90,2026/09/11,2026/09/25,1000.00,,srs0050ap,16922,PTP Overdue,Legal,D4,https://url.za.m.mimecastprotect.com/s/KnojCpgnVGU9N7n7hG5t22iG9rK-,MOH40569,MR,O,,OLEBOGENG,MOHULATSI,9103305375084,,,,,,,,,,,,,,,Paid on 31st,0.00,0,1,18,,0,3,4,0782131738,,,,amo.mohulatsi@gmail.com,,MobiMoney Restructure,,,0.00,,MOH40569,,NO,,,,,,,
3816936,12237698,959990064218508,2025/01/15,2022/10/31,55,0,951119538169364,Finchoice,Customer Class,Unemployed,,,2025/05/22,0,20,9391.49,10575.49,1057.55,,Phone Call Made->Account Holder->Cellphone->Debtor direct->Type of Payment->Obtained PTP,2026/09/14,Phone Call Made->Account Holder->Cellphone->Left Message->Voicemail Lite,2026/09/26,VM,2026/09/26,623,50.00,2026/08/06,2026/08/06,2024/07/24,11975.49,2026/09/14,2026/09/25,100.00,,srs0801p,16922,PTP Overdue,Legal,D4,https://url.za.m.mimecastprotect.com/s/1U6GCqjo8JH1PV8VsEjIKKiE6ixX,VAN70749,MS,S,,SEIPATI,VAN DER WESTHUIZEN,7908200795083,,,,,,,,,,,,,,,Paid on 25th,0.00,1,2,9,,0,3,7,0652930260,,,,pontshopricella168@gmail.com,,HomeChoice Restructure,,,0.00,,VAN70749,,NO,,,,,,,
4903101,20997361,959990035264573,2026/07/24,2025/04/29,9999,0,951119549031017,Finchoice,Trace Data,Trace Positive,,,2026/08/12,0,2,7526.56,10618.22,1061.82,2026/01/10,Phone Call Made->Account Holder->Cellphone->Debtor direct->Type of Payment->EasyPay,2026/09/08,Phone Call Made->Account Holder->Cellphone->Debtor direct->Type of Payment->EasyPay,2026/09/08,SMS Status: DELIVRD - finchoice reminders 25-09-26.txt,2026/09/25,68,0.00,,,2026/07/24,10618.22,2026/09/08,2026/09/25,100.00,,srs1630p,16922,PTP Overdue,Legal,D4,https://url.za.m.mimecastprotect.com/s/6iMbCr0p7Kfr0W8WUy2h66i4A7Hl,PIT02592,MR,T,,TSHEPO,PITA,7908025759082,,,,,,,,,,,,,,,Paid on 31st,0.00,1,2,6,,0,4,6,0692310416,,,,tssidney8@gmail.com,,6 Month Flexi,,,0.00,,PIT02592,,NO,,,,,,,
4666788,18035360,959990096937984,2026/02/23,2024/07/26,209,0,951119546667888,Finchoice,Debit Order,Debit Order,Customer Class,Employment Confirmed,2026/02/24,0,7,10972.01,10795.30,1079.53,,Phone Call Made->Account Holder->Cellphone->Debtor direct->Type of Payment->Obtained PTP,2026/09/09,Phone Call Made->Account Holder->Cellphone->Left Message->Voicemail Lite,2026/09/26,SMS Status: DELIVRD - FINCHOICE PAST DUE SMS 28 09 26.txt,2026/09/28,219,500.00,2026/03/05,2026/03/05,2026/02/23,11295.30,2026/09/09,2026/09/25,250.00,,srs1659p,16922,PTP Overdue,Legal,D4,https://url.za.m.mimecastprotect.com/s/eADiCvgwJOUEjR7RuAvulliQpUuw,TYA03479,MISS,L,,LELAM,TYATYA,8402040880080,,,,,,,,,,,,,,,Paid on 25th,0.00,0,1,27,,0,2,5,0742345774,,0448053480,,lelam.tyatya1@GMAIL.COM,,HomeChoice Restructure,,,0.00,,TYA03479,,NO,,,,,,,
4965401,19175987,959990075515538,2026/09/15,2024/11/18,9999,0,951119549654016,Finchoice,,,,,,0,0,18699.80,10803.53,1080.35,2026/03/09,Phone Call Made->Account Holder->Cellphone->Debtor direct->Type of Payment->Obtained PTP,2026/09/15,Phone Call Made->Account Holder->Cellphone->Debtor direct->Type of Payment->Obtained PTP,2026/09/15,SMS Status: DELIVRD - FINCHOICE PAST DUE SMS 28 09 26.txt,2026/09/28,15,0.00,,2026/06/04,2026/09/15,10803.53,2026/09/15,2026/09/25,250.00,,srs1633p,16922,PTP Overdue,Legal,D4,https://url.za.m.mimecastprotect.com/s/1KRuCwjxgPHvz2G2uKmfGGiJCLJr,NHL17654,MS,T,,THEMBISILE,NHLABATHI,8507271515088,,,,,,,,,,,,,,,Paid on 27th,0.00,0,1,3,,0,1,2,0671486858,,,,thembyflorence@gmail.com,,12 Month Flexi,,,0.00,,NHL17654,,NO,,,,,,,
4911725,23710971,959990082117856,2026/08/01,2025/11/22,9999,0,951119549117253,Finchoice,Settlement,Possible Payment/Negotiation in Process,,,2026/09/26,0,1,9146.58,10904.63,1090.46,2026/05/09,Phone Call Made->Account Holder->Cellphone->Debtor direct->Type of Payment->Obtained PTP,2026/09/16,Phone Call Made->Account Holder->Cellphone->Left Message->Voicemail Lite,2026/09/29,0832007178 v/m,2026/09/29,60,0.00,,,2026/08/01,10904.63,2026/09/16,2026/09/28,8723.00,,srs1687p,16922,PTP Overdue,Legal,D4,https://url.za.m.mimecastprotect.com/s/AI3hCxGyjQUL4z1zUwDCEEiyzmbs,SMI20119,MR,T,,TAWFIQ,SMITH,8601055101080,,,,,,,,,,,,,,,Paid on 28th,0.00,0,1,45,,0,4,6,0832007178,,,,smithtawfiq@gmail.com,,PayJustNow - Pay in 12,,,0.00,,SMI20119,,NO,,,,,,,
2634527,7239306,959990019124512,2022/01/06,2020/03/02,35,0,951119526345273,Finchoice,Employment Group,Self Employed,,,2024/12/03,0,56,16214.59,11164.59,1116.46,,Phone Call Made->Account Holder->Cellphone->Debtor direct->Type of Payment->Obtained PTP,2026/08/25,Phone Call Made->Account Holder->Cellphone->Debtor direct->Type of Payment->Obtained PTP,2026/08/25,SMS Status: DELIVRD - FINCHOICE PAST DUE SMS 28 09 26.txt,2026/09/28,1728,300.00,2026/08/26,2026/08/26,2022/01/06,20214.59,2026/08/25,2026/09/25,300.00,,srs1655p,16922,PTP Overdue,,D4,https://url.za.m.mimecastprotect.com/s/FCHICy8zkRf7zprpuR5immixHKSr,MKH14012,MRS,G.M,,GLADYS,MOTLHAMME,8010020349081,,,,,,,,,,,,,,,Paid on 26th,0.00,0,1,0,,0,1,2,0836247416,,,,motlhammegk@gmail.com,,Finchoice Restructure,,,0.00,,MKH14012,,NO,,,,,,,
4913749,23650641,959990202379402,2026/08/01,2025/11/18,9999,0,951119549137491,Finchoice,Customer Class,Unemployed,,,2026/08/26,0,1,9902.37,11802.22,1180.22,2026/05/09,Phone Call Made->Account Holder->Cellphone->Debtor direct->Type of Payment->Obtained PTP,2026/08/26,Phone Call Made->Account Holder->Cellphone->Left Message->Voicemail Lite,2026/09/26,SMS Status: DELIVRD - FINCHOICE PAST DUE SMS 28 09 26.txt,2026/09/28,60,0.00,,,2026/08/01,11802.22,2026/08/26,2026/09/25,450.00,,srs1671p,16922,PTP Overdue,Legal,D4,https://url.za.m.mimecastprotect.com/s/5wOMCzmAl0cGp7M7IKvs77i9K69G,M1268968,MR,A,,AUBREY,MALAKA,0106235451080,,,,,,,,,,,,,,,Paid on 25th,0.00,0,1,1,,0,1,2,0781024169,,,,malakaaubrey06@gmail.com,,12 Month Flexi,,,0.00,,M1268968,,NO,,,,,,,
4910610,23628286,959990014012282,2026/08/01,2025/11/17,9999,0,951119549106108,Finchoice,Customer Class,Employment Confirmed,,,2026/09/15,0,1,9816.60,11811.30,1181.13,2026/05/09,Phone Call Made->Account Holder->Cellphone->Debtor direct->Type of Payment->EasyPay,2026/09/15,Phone Call Made->Account Holder->Cellphone->Debtor direct->Type of Payment->EasyPay,2026/09/15,SMS Status: DELIVRD - FINCHOICE PAST DUE SMS 28 09 26.txt,2026/09/28,60,0.00,,,2026/08/01,11811.30,2026/09/15,2026/09/26,250.00,,srs1686p,16922,PTP Overdue,Legal,D4,https://url.za.m.mimecastprotect.com/s/e4btCAnrOyUZ38N8uYZt99iGkV8X,SEK04351,MS,S,,SYLVIA,SEKOMENG,6912060066081,,,,,,,,,,,,,,,Paid on 31st,0.00,0,1,40,2026/09/30,0,4,6,0730771140,,,,slyviasekomeng22@gmail.com,,Finchoice Restructure,,,0.00,,SEK04351,,NO,,,,,,,
4916220,24557190,959990064964937,2026/08/01,2026/01/20,9999,0,951119549162200,Finchoice,,,,,,0,1,10799.56,12100.28,1210.03,2026/06/09,Phone Call Made->Account Holder->Cellphone->Debtor direct->Type of Payment->Obtained PTP,2026/09/10,Phone Call Made->Account Holder->Cellphone->Other Person->Co-worker->Obtained Information->Other,2026/09/30,Call cut,2026/09/30,60,0.00,,,2026/08/01,12100.28,2026/09/10,2026/09/26,900.00,,srs1339p,16922,PTP Overdue,Legal,D4,https://url.za.m.mimecastprotect.com/s/_jwPCBgvEzUD9y7yFjVIyyi2CTE5,HLO17328,MR,C,,CHICCO AMOS,HLONGWANI,8606245788084,,,,,,,,,,,,,,,Paid on 26th,0.00,0,1,28,,0,3,5,0633988206,0112690000,0116693850,,chiccoamos@gmail.com,,MobiMoney Restructure,,,0.00,,HLO17328,,NO,,,,,,,
4901568,20843425,959990127656074,2026/07/24,2025/04/14,30,0,951119549015689,Finchoice,Customer Class,Unemployed,,,2026/08/25,0,2,11207.50,12129.93,1212.99,2026/02/10,Phone Call Made->Account Holder->Cellphone->Debtor direct->Type of Payment->Obtained PTP,2026/09/09,Phone Call Made->Account Holder->Cellphone->No Response->Engaged,2026/09/25,SMS Status: DELIVRD - FINCHOICE PAST DUE SMS 28 09 26.txt,2026/09/28,68,150.00,2026/08/31,2026/08/31,2026/07/24,12279.93,2026/09/09,2026/09/25,150.00,,srs1686p,16922,PTP Overdue,Legal,D4,https://url.za.m.mimecastprotect.com/s/uoqnCDRxEBtoKy5yuZ3tGGijnxpV,STR12314,MR,H,,HYRON,STRYDOM,9105235089081,,,,,,,,,,,,,,,Paid on 25th,0.00,0,1,14,,0,1,3,0764515725,,,,hyron.l@hotmail.com,,12 Month Flexi,,,0.00,,STR12314,,NO,,,,,,,
4899411,20279214,959990030648622,2026/07/24,2025/02/26,9999,0,951119548994116,Finchoice,Inbound Trapper,Trapped Call,Trace Data,Trace Positive,2026/09/30,0,2,11207.50,12317.88,1231.79,2025/11/10,Phone Call Made->Account Holder->Cellphone->Debtor direct->Type of Payment->Obtained PTP,2026/08/27,Phone Call Made->Account Holder->Cellphone->Debtor direct->Type of Payment->Obtained PTP,2026/08/27,Changed Inbound Trapper to Trapped Call,2026/09/30,68,0.00,,2025/04/25,2026/07/24,12317.88,2026/08/27,2026/09/25,200.00,,srs1612p,16922,PTP Overdue,Legal,D4,https://url.za.m.mimecastprotect.com/s/MQZeCmwkXBfpK9j9T92U88iRONpv,MAL41832,MR,T,,THABO,MALEBO,8501256580084,,,,,,,,,,,,,,,Paid on 31st,0.00,0,1,0,,0,1,2,0813838922,,0182931335,,malebothabo7@gmail.com,,MobiMoney,,,0.00,,MAL41832,,NO,,,,,,,
4913155,23628189,959990014012282,2026/08/01,2025/11/17,9999,0,951119549131551,Finchoice,Customer Class,Employment Confirmed,,,2026/09/15,0,1,11275.27,12945.46,1294.55,2026/05/09,Phone Call Made->Account Holder->Cellphone->Debtor direct->Type of Payment->EasyPay,2026/09/15,Phone Call Made->Account Holder->Cellphone->Debtor direct->Type of Payment->EasyPay,2026/09/15,SMS Status: DELIVRD - FINCHOICE PAST DUE SMS 28 09 26.txt,2026/09/28,60,0.00,,,2026/08/01,12945.46,2026/09/15,2026/09/26,250.00,,srs1686p,16922,PTP Overdue,Legal,D4,https://url.za.m.mimecastprotect.com/s/3ed5CnZlJDUXqk7kUZ8CQQiJySZQ,SEK04351,MS,S,,SYLVIA,SEKOMENG,6912060066081,,,,,,,,,,,,,,,Paid on 28th,0.00,1,2,2,2026/09/30,0,2,5,0730771140,,,,slyviasekomeng22@gmail.com,,MobiMoney Restructure,,,0.00,,SEK04351,,NO,,,,,,,
4914186,23628786,959990228300895,2026/08/01,2025/11/17,9999,0,951119549141865,Finchoice,Trace Data,Trace Positive,,,2026/08/22,0,1,11207.50,13331.09,1333.11,2026/05/09,Phone Call Made->Account Holder->Cellphone->Debtor direct->Type of Payment->Obtained PTP,2026/09/21,Phone Call Made->Account Holder->Cellphone->Left Message->Voicemail Lite,2026/09/25,SMS Status: DELIVRD - FINCHOICE PAST DUE SMS 28 09 26.txt,2026/09/28,60,0.00,,,2026/08/01,13331.09,2026/09/21,2026/09/25,100.00,,srs1686p,16922,PTP Overdue,Legal,D4,https://url.za.m.mimecastprotect.com/s/9nnOCoYmJETDLQrQF6lIqqiptwQT,RED11586,MS,S,,SHARON,REDDY,7211220085084,,,,,,,,,SHARONR@ASJ.CO.ZA,,,,,,Paid on 25th,0.00,0,1,46,,0,4,5,0631013499,,,,sharonreddy1972@gmail.com,,12 Month Flexi,,,0.00,,RED11586,,NO,,,,,,,
3817376,11295864,959990087100477,2024/07/24,2022/06/22,22,0,951119538173762,Finchoice,Customer Class,Unemployed,,,2025/08/27,0,26,13764.51,13554.68,1355.47,,Phone Call Made->Account Holder->Cellphone->Debtor direct->Type of Payment->Obtained PTP,2026/08/22,Phone Call Made->Account Holder->Cellphone->Other Person->Co-worker->Obtained Information->Other,2026/09/30,reminder-------,2026/09/30,798,50.00,2026/09/08,2026/09/08,2024/07/24,14704.68,2026/08/29,2026/09/25,50.00,,srs1675p,16922,PTP Overdue,Legal,D4,https://url.za.m.mimecastprotect.com/s/8PiRCpgnVGU9N7n7hGot22iGZohD,PHI16582,MISS,S,,SHEREEN,PHILIPS,7901050182080,,,,,,,,,,,,,,,Paid on 31st,50.00,0,1,2,,0,0,2,0630858782,,,,,,HomeChoice Restructure,,,0.00,,PHI16582,,NO,,,,,,,
4741385,15661080,959990088362472,2026/04/07,2023/11/13,9999,0,951119547413852,Finchoice,Customer Class,Employment Confirmed,,,2026/06/02,0,5,21551.27,13720.33,1372.03,2025/10/10,Phone Call Made->Account Holder->Cellphone->Debtor direct->Type of Payment->EasyPay,2026/09/09,Dialer Comments->Account Holder->Other->Invalid Number,2026/09/09,SMS Status: DELIVRD - FINCHOICE PAST DUE SMS 28 09 26.txt,2026/09/28,176,0.00,,2025/04/26,2026/04/07,13720.33,2026/09/09,2026/09/26,600.00,,srs1527p,16922,PTP Overdue,Legal,D4,https://url.za.m.mimecastprotect.com/s/yYBMCqjo8JH1PV8VsEAIKKiErOme,LEN06489,MR,S,,SINTU,LENGISI,7607015757086,,,,,,,,,,,,,,,Paid on 1st,0.00,0,1,20,,0,2,4,0838743252,0455263620,0455246233,,lengisisintu@gmail.com,,HomeChoice Restructure,,,0.00,,LEN06489,,NO,,,,,,,
4896152,20578385,959990062088358,2026/07/24,2025/03/24,9999,0,951119548961529,Finchoice,,,,,,0,2,15207.50,14248.27,1424.83,2026/02/10,Phone Call Made->Account Holder->Cellphone->Debtor direct->Type of Payment->Obtained PTP,2026/09/09,Phone Call Made->Account Holder->Cellphone->Debtor direct->Type of Payment->Obtained PTP,2026/09/09,SMS Status: DELIVRD - FINCHOICE PAST DUE SMS 28 09 26.txt,2026/09/28,68,0.00,,2025/08/23,2026/07/24,14248.27,2026/09/09,2026/09/25,100.00,,srs1655p,16922,PTP Overdue,Legal,D4,https://url.za.m.mimecastprotect.com/s/F3wMCr0p7Kfr0W8WUyph66i4xKNk,MBE14146,MS,Y,,YONELA,MBENDENI,9102051196082,,,,,,,,,,,,,,,Paid on 25th,0.00,0,1,13,,0,3,5,0672526313,,,,yonela.mbendeni@gmail.com,,12 Month Flexi,,,0.00,,MBE14146,,NO,,,,,,,
4917232,24380837,959990206059463,2026/08/01,2026/01/07,9999,0,951119549172324,Finchoice,Customer Class,Employment Confirmed,,,2026/08/27,0,1,12336.78,14375.75,1437.58,2026/06/09,Phone Call Made->Account Holder->Cellphone->Debtor direct->Type of Payment->Obtained DebiCheck Debit Order,2026/09/11,Phone Call Made->Account Holder->Cellphone->Debtor direct->Type of Payment->Obtained DebiCheck Debit Order,2026/09/11,SMS Status: DELIVRD - FINCHOICE REMINDERS SMS 28 09 26.txt,2026/09/28,60,0.00,,,2026/08/01,14375.75,2026/09/11,2026/09/27,100.00,,srs1655p,6840,AGE 0 - 3+ DEBIT ORDER PEND,Legal,D4,https://url.za.m.mimecastprotect.com/s/DCfrCvgwJOUEjR7RuA6HlliQXdxa,DEV12484,MS,K,,KISHA,DEVINE,0307030177082,,,,,,,,,,,,,,,Paid on 27th,0.00,0,1,21,,0,3,5,0694369347,,,,kisha.devine@icloud.com,,Finchoice Restructure,2026/10/27,2026/09/11,300.00,srs1655p,DEV12484,,NO,,,,,,,
4903578,17195228,959990000280471,2026/07/24,2024/05/06,9999,0,951119549035786,Finchoice,Trace Data,Trace Positive,,,2026/08/12,0,2,18432.85,14382.64,1438.26,2025/01/09,Phone Call Made->Account Holder->Cellphone->Debtor direct->Type of Payment->Obtained PTP,2026/09/04,Phone Call Made->Account Holder->Cellphone->Debtor direct->Type of Payment->Obtained PTP,2026/09/04,SMS Status: DELIVRD - FINCHOICE PAST DUE SMS 28 09 26.txt,2026/09/28,68,0.00,,2026/01/06,2026/07/24,14382.64,2026/09/04,2026/09/25,100.00,,srs1510p,16922,PTP Overdue,Legal,D4,https://url.za.m.mimecastprotect.com/s/WHbQCwjxgPHvz2G2uKMfGGiJ65a-,KHO00029,MISS,P,,PEGGY,KHOSA,7706230282084,,,,,,,,,,,,,,,Paid on 25th,0.00,0,1,9,,0,1,3,0685212272,,,,peggyk16@gmail.com,,PayJustNow - Pay in 12,,,0.00,,KHO00029,,NO,,,,,,,
4914778,24262383,959990116691462,2026/08/01,2025/12/30,9999,0,951119549147789,Finchoice,Trace Data,Trace Positive,,,2026/08/22,0,1,12271.10,14453.78,1445.38,2026/06/09,Phone Call Made->Account Holder->Cellphone->Debtor direct->Type of Payment->Obtained PTP,2026/09/21,Phone Call Made->Account Holder->Cellphone->Debtor direct->Type of Payment->Obtained PTP,2026/09/21,SMS Status: DELIVRD - FINCHOICE REMINDERS SMS 28 09 26.txt,2026/09/28,60,0.00,,,2026/08/01,14453.78,2026/09/21,2026/09/28,1000.00,,srs0050ap,16922,PTP Overdue,Legal,D4,https://url.za.m.mimecastprotect.com/s/ALxhCxGyjQUL4z1zUwrCEEiyJ0pv,MA702956,MR,B,,BRADLY,MABATO,8309045872089,,,,,,,,,,,,,,,Paid on 28th,0.00,0,1,47,,0,4,4,0634730785,,,,Bradlytshepo84@gmail.com,,Finchoice Restructure,,,0.00,,MA702956,,NO,,,,,,,
4894489,19753028,959990192235242,2026/07/24,2025/01/08,35,0,951119548944897,Finchoice,,,,,,0,2,17907.50,14501.95,1450.20,2025/10/10,Phone Call Made->Account Holder->Cellphone->Debtor direct->Obtained Information->Other,2026/09/16,Phone Call Made->Account Holder->Cellphone->No Response->No Reply,2026/09/30,no ans,2026/09/30,68,50.00,2026/08/26,2026/08/26,2026/07/24,14551.95,2026/09/10,2026/09/25,50.00,,srs1675p,16922,PTP Overdue,Legal,D4,https://url.za.m.mimecastprotect.com/s/l-0fCy8zkRf7zprpuRjimmixSCD2,ERA13185,MS,M,,MEAGAN,ERASMUS,8803280047084,,,,,,,,,,,,,,,Paid on 31st,0.00,1,2,5,,0,1,3,0763721557,,,,meaganerasmus19@gmail.com,,12 Month Flexi,,,0.00,,ERA13185,,NO,,,,,,,
4899865,20563231,959990050852872,2026/07/24,2025/03/22,9999,0,951119548998653,Finchoice,,,,,,0,2,17207.50,14582.91,1458.29,2026/01/11,Phone Call Made->Account Holder->Cellphone->Debtor direct->Type of Payment->Obtained PTP,2026/09/16,Send SMS->Banking Details,2026/09/16,SMS Status: DELIVRD - FINCHOICE PAST DUE SMS 28 09 26.txt,2026/09/28,68,0.00,,2025/07/25,2026/07/24,14582.91,2026/09/16,2026/09/25,350.00,,srs0050ap,16922,PTP Overdue,Legal,D4,https://url.za.m.mimecastprotect.com/s/azBvCzmAl0cGp7M7IKks77i9Vs8P,ZUM04191,MR,S,,SIMOSIHLE,ZUMA,8510165467085,,,,,,,,,,,,,,,Paid on 25th,0.00,0,1,51,,0,4,5,0784734049,,,,Zumasc@unisa.ac.za,,12 Month Flexi,,,0.00,,ZUM04191,,NO,,,,,,,
4903568,17327335,959990093279018,2026/07/24,2024/05/20,9999,0,951119549035687,Finchoice,Trace Data,Trace Positive,,,2026/08/12,0,2,15207.50,14819.44,1481.94,2024/11/10,Phone Call Made->Account Holder->Cellphone->Debtor direct->Type of Payment->Obtained PTP,2026/09/25,Phone Call Made->Account Holder->Cellphone->Debtor direct->Type of Payment->Obtained PTP,2026/09/25,SMS Status: DELIVRD - FINCHOICE REMINDERS SMS 28 09 26.txt,2026/09/28,68,0.00,,2026/03/19,2026/07/24,14819.44,2026/09/25,2026/09/28,50.00,,srs1628p,16922,PTP Overdue,Legal,D4,https://url.za.m.mimecastprotect.com/s/CYD2CAnrOyUZ38N8uYEt99iGuyHn,MA468085,MS,W,,WINILE,MATINGANA,9009281024085,,,,,,,,,,,,,,,Paid on 18th,0.00,1,2,30,,0,6,5,0791482543,,,,mtakababa@gmail.com,,12 Month Flexi,,,0.00,,MA468085,,NO,,,,,,,
4892074,20561831,959990113148771,2026/07/24,2025/03/22,9999,0,951119548920749,Finchoice,,,,,,0,2,12507.50,15311.67,1531.17,2026/01/10,Phone Call Made->Account Holder->Cellphone->Debtor direct->Type of Payment->Obtained PTP,2026/09/14,Dialer Comments->Account Holder->Cellphone->Answering Machine,2026/09/14,SMS Status: DELIVRD - FINCHOICE PAST DUE SMS 28 09 26.txt,2026/09/28,68,0.00,,2025/07/22,2026/07/24,15311.67,2026/09/14,2026/09/25,150.00,,srs0050ap,16922,PTP Overdue,Legal,D4,https://url.za.m.mimecastprotect.com/s/wRAzCBgvEzUD9y7yFjmcyyi2caZy,JAC34822,MS,S,,SADIA,JACOBS,9107030137081,,,,,,,,,,,,,,,Paid on 25th,0.00,0,1,35,,0,4,5,0817647805,,,,missmolte03@gmail.com,,12 Month Flexi,,,0.00,,JAC34822,,NO,,,,,,,
4892364,20445618,959990136733047,2026/07/24,2025/03/11,9999,0,951119548923644,Finchoice,Trace Data,Trace Positive,,,2026/08/12,0,2,15207.50,15780.04,1578.00,2026/03/09,Phone Call Made->Account Holder->Cellphone->Debtor direct->Type of Payment->Obtained PTP,2026/09/01,Send SMS->Banking Details,2026/09/01,SMS Status: DELIVRD - FINCHOICE PAST DUE SMS 28 09 26.txt,2026/09/28,68,0.00,,2025/09/26,2026/07/24,15780.04,2026/09/01,2026/09/25,200.00,,srs1510p,16922,PTP Overdue,Legal,D4,https://url.za.m.mimecastprotect.com/s/6GMACDRxEBtoKy5yuZOtGGijM_w6,WIL45943,MR,R,,RIAAN,WILLEMSE,9211255605085,,,,,,,,,,,,,,,Paid on 1st,0.00,0,1,8,,0,1,3,0793546853,,,,riaanwillemse236@gmail.com,,12 Month Flexi,,,0.00,,WIL45943,,NO,,,,,,,
4931371,19659505,959990065428023,2026/08/17,2024/12/30,9999,0,951119549313712,Finchoice,Debit Order,Debit Order,Customer Class,Employment Confirmed,2026/09/22,0,1,25504.55,16023.81,1602.38,2025/11/10,Phone Call Made->Account Holder->Cellphone->Debtor direct->Type of Payment->Obtained PTP,2026/09/23,Phone Call Made->Account Holder->Cellphone->Other Person->Co-worker->Refused,2026/09/28,"CALLED 0789657424 - RANG PERSON ANS CALL THEN DROPPED CALL, CALLED AGAIN PERSON REJECTS CALL",2026/09/28,44,0.00,,2026/05/06,2026/08/17,16023.81,2026/09/23,2026/09/25,1605.00,,srs1628p,16922,PTP Overdue,Legal,D4,https://url.za.m.mimecastprotect.com/s/iHeTCElyQDClJY3YCPgTGGi7ULFl,PET12996,MISS,R,,RAESIBE,PETJE,8804090331080,,,,,,,,,,,,,,,Paid on 25th,0.00,0,1,69,,0,3,9,0789657424,,,,raesibe.petje@gmail.com,,Finchoice Restructure,,,0.00,,PET12996,,NO,,,,,,,
4908206,23388008,959990091352874,2026/08/01,2025/10/31,9999,0,951119549082069,Finchoice,Trace Data,Trace Positive,,,2026/08/22,0,1,14010.22,16448.74,1644.87,2026/04/09,Phone Call Made->Account Holder->Cellphone->Debtor direct->Type of Payment->Obtained PTP,2026/09/17,Send SMS->Banking Details,2026/09/17,SMS Status: DELIVRD - FINCHOICE PAST DUE SMS 28 09 26.txt,2026/09/28,60,0.00,,,2026/08/01,16448.74,2026/09/17,2026/09/26,500.00,,srs1636p,16922,PTP Overdue,Legal,D4,https://url.za.m.mimecastprotect.com/s/P-uhCGZAKGUBp616iQoSmmiBB1fE,VIL18082,MS,N,,NTOMBIKAYISE THANDEKA,VILAKAZI,9904240938088,,,,,,,,,,,,,,,Paid on 31st,0.00,0,1,64,,0,3,5,0748564940,0662801729,,,thandekavilakazi86@gmail.com,,Finchoice Restructure,,,0.00,,VIL18082,,NO,,,,,,,
4909858,24117773,959990022482667,2026/08/01,2025/12/19,9999,0,951119549098586,Finchoice,Customer Class,Employment Confirmed,,,2026/08/05,0,1,14047.68,16597.27,1659.73,2026/06/09,Phone Call Made->Account Holder->Cellphone->Debtor direct->Type of Payment->Obtained PTP,2026/09/17,Phone Call Made->Account Holder->Cellphone->No Response->Engaged,2026/09/25,SMS Status: DELIVRD - FINCHOICE PAST DUE SMS 28 09 26.txt,2026/09/28,60,0.00,,,2026/08/01,16597.27,2026/09/17,2026/09/25,750.00,,srs1688p,16922,PTP Overdue,Legal,D4,https://url.za.m.mimecastprotect.com/s/gKJ2CJZ1XLUBmVqVivgh33iyNtPW,HAR03443,MS,J,,JENNY,HARTNICK,8311050146086,,,,,,,,,,,,,,,Paid on 25th,0.00,0,1,63,,0,4,6,0791709349,,,,jennyleehartnick@gmail.com,,PayJustNow - Pay in 12,,,0.00,,HAR03443,,NO,,,,,,,
4898703,12616955,959990108359870,2026/07/24,2022/12/21,9999,0,951119548987037,Finchoice,,,,,,0,2,23872.24,16700.53,1670.05,2023/06/09,Phone Call Made->Account Holder->Cellphone->Debtor direct->Type of Payment->Obtained PTP,2026/09/08,Send SMS->Banking Details,2026/09/08,SMS Status: DELIVRD - FINCHOICE PAST DUE SMS 28 09 26.txt,2026/09/28,68,0.00,,2025/10/02,2026/07/24,16700.53,2026/09/08,2026/09/25,100.00,,srs1655p,16922,PTP Overdue,Legal,D4,https://url.za.m.mimecastprotect.com/s/PnUlCKOGEMiDv626FpMHBBi5TJRA,VA28571,MR,R,,RICARDO,VAN WYK,8203025288087,,,,,,,,,,,,,,,Paid on 24th,0.00,0,1,14,,0,3,5,0783586132,,,,ricardovw087@gmail.com,,Finchoice Restructure,,,0.00,,VA28571,,NO,,,,,,,
4898731,20936433,959990121009262,2026/07/24,2025/04/22,34,0,951119548987318,Finchoice,,,,,,0,2,19207.50,16801.26,1680.13,2026/01/11,Phone Call Made->Account Holder->Cellphone->Debtor direct->Type of Payment->Obtained PTP,2026/09/09,Send SMS->Contact Us,2026/09/09,SMS Status: DELIVRD - FINCHOICE REMINDERS SMS 28 09 26.txt,2026/09/28,68,500.00,2026/08/27,2026/08/27,2026/07/24,17301.26,2026/09/09,2026/09/27,500.00,,srs1628p,16922,PTP Overdue,Legal,D4,https://url.za.m.mimecastprotect.com/s/DPXhCLgGBNUkp7R7TjquDDiyAaao,BAA06164,MR,T,,TIROYAMODIMO JOSEPH,BAABUA,7206026233086,,,,,,,,,JOSEPHB@EYESIZWE.CO.ZA,,,,,,Paid on 27th,0.00,0,1,24,,0,2,5,0835128299,,0650240035,,tirobaabua@gmail.com,,12 Month Flexi,,,0.00,,BAA06164,,NO,,,,,,,
4918147,24286203,959990191231630,2026/08/01,2025/12/31,9999,0,951119549181473,Finchoice,Trace Data,Trace Positive,,,2026/08/22,0,1,15207.50,17760.17,1776.02,2026/06/09,Phone Call Made->Account Holder->Cellphone->Debtor direct->Type of Payment->Obtained PTP,2026/09/22,Send SMS->Banking Details,2026/09/22,SMS Status: DELIVRD - FINCHOICE REMINDERS SMS 28 09 26.txt,2026/09/28,60,0.00,,,2026/08/01,17760.17,2026/09/22,2026/09/28,500.00,,srs0050ap,16922,PTP Overdue,Legal,D4,https://url.za.m.mimecastprotect.com/s/QSNGCMjXB0H207q7uQJfZZi8NDRF,ZEN03590,MR,Y,,YABELA,ZENZILE,9512236185083,,,,,,,,,,,,,,,Paid on 30th,0.00,0,1,46,,0,4,4,0748678883,,,,zenzileyabela@gmail.com,,12 Month Flexi,,,0.00,,ZEN03590,,NO,,,,,,,
4915080,23683546,959990137039709,2026/08/01,2025/11/20,9999,0,951119549150809,Finchoice,,,,,,0,1,15207.50,17917.12,1791.71,2026/05/09,Phone Call Made->Account Holder->Cellphone->Debtor direct->Type of Payment->Obtained PTP,2026/09/21,Phone Call Made->Account Holder->Cellphone->No Response->Disconnected,2026/09/30,SMS Status: DELIVRD - finchoice reminders 25-09-26.txt,2026/09/25,60,0.00,,,2026/08/01,17917.12,2026/09/21,2026/09/28,1792.00,,srs1634p,16922,PTP Overdue,Legal,D4,https://url.za.m.mimecastprotect.com/s/_O8uCNxG1PiZrz0zurRI22iyr4oF,PIT10511,MR,K,,KENNETH,PITTER,6212235129082,,,,,,,,,,,,,,,Paid on 29th,0.00,0,1,34,,0,5,6,0828003218,,,,kenniboy@mweb.co.za,,12 Month Flexi,,,0.00,,PIT10511,,NO,,,,,,,
4243036,17914505,959990080919725,2025/05/13,2024/07/15,36,0,951119542430364,Finchoice,,,,,,0,16,23207.50,19023.78,1902.38,,Incoming correspondence->Received E-mail->Debtor direct->Type of Payment->Obtained PTP,2026/08/15,Phone Call Made->Account Holder->Cellphone->No Response->No Reply,2026/08/24,SMS Status: DELIVRD - FINCHOICE PAST DUE SMS 28 09 26.txt,2026/09/28,505,750.00,2026/08/25,2026/08/25,2025/05/13,26773.78,2026/08/29,2026/09/25,750.00,,srs0801p,16922,PTP Overdue,Legal,D4,https://url.za.m.mimecastprotect.com/s/ZTgiCO7G9QUN9MpMhPPtBBiGE31g,MIL04857,MS,A,,ANTHEA,MILLER,8602170420082,,,,,,,,,,,,,,,Paid on 31st,0.00,0,1,0,,0,1,2,0651989166,,,,antheamiller86@gmail.com,,24 Month Personal,,,0.00,,MIL04857,,NO,,,,,,,
4909054,23764059,959990201963255,2026/08/01,2025/11/26,9999,0,951119549090542,Finchoice,,,,,,0,1,15207.50,19086.97,1908.70,2026/06/09,Whats App->Incoming->Debtor direct->Type of Payment->Obtained PTP,2026/09/04,Dialer Comments->Account Holder->Cellphone->Answering Machine,2026/09/04,SMS Status: DELIVRD - FINCHOICE REMINDERS SMS 28 09 26.txt,2026/09/28,60,0.00,,,2026/08/01,19086.97,2026/09/04,2026/09/28,1000.00,,srs080,16922,PTP Overdue,Legal,D4,https://url.za.m.mimecastprotect.com/s/sJbWCP1GJRf0rPKPU6rhllixzAHt,GOV34018,MR,D,,DAYLYN,GOVENDER,0110295179086,,,,,,,,,,,,,,,Paid on 27th,0.00,0,1,15,,0,2,3,0813429096,,,,dayls.govender@gmail.com,,12 Month Flexi,,,0.00,,GOV34018,,NO,,,,,,,
4914090,24479551,959990038494565,2026/08/01,2026/01/15,9999,0,951119549140909,Finchoice,Trace Data,Trace Positive,,,2026/08/22,0,1,16534.79,19399.14,1939.91,2026/06/09,Phone Call Made->Account Holder->Cellphone->Debtor direct->Type of Payment->Obtained PTP,2026/08/27,Send SMS->Contact Us,2026/08/27,SMS Status: DELIVRD - FINCHOICE PAST DUE SMS 28 09 26.txt,2026/09/28,60,0.00,,2026/01/20,2026/08/01,19399.14,2026/08/27,2026/09/26,300.00,,srs1304p,16922,PTP Overdue,Legal,D4,https://url.za.m.mimecastprotect.com/s/SyxfCQ1XLVfXEYkYUr9U99iG1gbz,PHU02999,MS,N,,NOMPUMELELO,PHUTHEHO,9207210293082,,,,,,,,,,,,,,,Paid on 28th,0.00,0,1,0,,0,1,2,0670138445,,,,phuthehon@gmail.com,,12 Month Flexi,,,0.00,,PHU02999,,NO,,,,,,,
4907407,23722336,959990084422031,2026/08/01,2025/11/24,21,0,951119549074074,Finchoice,Settlement Captured,Settlement,,,2026/09/10,0,1,22417.34,20194.46,2019.45,2026/06/09,Phone Call Made->Account Holder->Cellphone->Debtor direct->Type of Payment->Obtained PTP,2026/09/10,Phone Call Made->Account Holder->Cellphone->Left Message->Voicemail Lite,2026/09/29,0828293564=vm,2026/09/29,60,4578.39,2026/09/09,2026/09/09,2026/08/01,24772.85,2026/09/10,2026/09/25,14864.00,,srs1631p,16922,PTP Overdue,Legal,D4,https://url.za.m.mimecastprotect.com/s/44EYCRgXBWUGkxvxIq0f66i1x88a,GRE06009,MR,D,,DOV,GREEN,7902245097084,,,,,,,,,,,,,,,Paid on 31st,4578.39,0,1,29,,0,4,5,0828293564,,,,greend@fortressfund.co.za,,Finchoice Restructure,,,0.00,,GRE06009,,NO,,,,,,,
4899338,19932196,959990082392970,2026/07/24,2025/01/27,9999,0,951119548993381,Finchoice,Trace Data,Trace Positive,,,2026/08/12,0,2,19107.50,20863.87,2086.39,2026/01/11,Phone Call Made->Account Holder->Cellphone->Debtor direct->Type of Payment->Obtained PTP,2026/09/23,Send SMS->Banking Details,2026/09/23,SMS Status: DELIVRD - FINCHOICE PAST DUE SMS 28 09 26.txt,2026/09/28,68,0.00,,2025/05/27,2026/07/24,20863.87,2026/09/23,2026/09/25,500.00,,srs1631p,16922,PTP Overdue,Legal,D4,https://url.za.m.mimecastprotect.com/s/aPNRCVmWZ1c2LYxYuQrCrriEj-_A,ELI00712,MR,O,,OBAKENG,ELIPHUS,8510085433084,,,,,,,,,,,,,,,Paid on 25th,0.00,0,1,77,,0,5,5,0713903564,,,,orasogo009@gmail.com,,12 Month Flexi,,,0.00,,ELI00712,,NO,,,,,,,
4918243,23946191,959990068932682,2026/08/01,2025/12/06,9999,0,951119549182430,Finchoice,,,,,,0,1,19051.77,22239.37,2223.94,2026/05/09,Incoming correspondence->Received E-mail->Debtor direct->Settlement Negotiated->Obtained PTP,2026/09/18,Supervisor Action->E-mail Sent,2026/09/28,Please note that we did not receive the Settlement Payment on the 25/09/26 as arranged. Kindly note that payment is required today. Contact me to make the payment arrangement.,2026/09/28,60,0.00,,,2026/08/01,22239.37,2026/09/18,2026/09/25,17792.00,,srs1632p,16922,PTP Overdue,Legal,D4,https://url.za.m.mimecastprotect.com/s/Ur0sCWn1B2U6gV5VSmBFkkioNWpy,MOJ06983,MISS,L,,LEAH BOITUMELO,MOJEKA,8607280962089,,,,,,,,,,,,,,,Paid on 21st,0.00,0,3,45,,0,4,5,0768342065,,,,Leah.boitumelo86@gmail.com,,12 Month Flexi,,,0.00,,MOJ06983,,NO,,,,,,,
4739681,21637544,959990110827807,2026/04/07,2025/06/21,36,0,951119547396818,Finchoice,,,,,,0,5,21625.53,24189.69,2418.97,2025/11/10,Phone Call Made->Account Holder->Cellphone->Debtor direct->Type of Payment->Obtained PTP,2026/09/03,Phone Call Made->Account Holder->Cellphone->Debtor direct->Type of Payment->Obtained PTP,2026/09/03,SMS Status: DELIVRD - FINCHOICE PAST DUE SMS 28 09 26.txt,2026/09/28,176,150.00,2026/08/25,2026/08/25,2026/04/07,24589.69,2026/09/03,2026/09/25,150.00,,srs1655p,16922,PTP Overdue,Legal,D4,https://url.za.m.mimecastprotect.com/s/OT3qCX6PV3H4yWXWUmxHLLiWWDL_,PON03658,MS,C,,CADY,PONTAC,9310180176087,,,,,,,,,,,,,,,Paid on 29th,0.00,0,1,1,,0,1,2,0723976326,,,,cadypontac13@gmail.com,,12 Month Flexi,,,0.00,,PON03658,,NO,,,,,,,
4897819,20978115,959990103155901,2026/07/24,2025/04/25,9999,0,951119548978192,Finchoice,,,,,,0,2,25666.53,25692.99,2569.30,2025/12/09,Incoming correspondence->Received E-mail->Debtor direct->Obtained Information->Other,2026/09/15,Supervisor Action->E-mail Sent,2026/09/15,SMS Status: DELIVRD - FINCHOICE REMINDERS SMS 28 09 26.txt,2026/09/28,68,0.00,,2025/07/01,2026/07/24,25692.99,2026/09/15,2026/09/28,500.00,,srs002,16922,PTP Overdue,Legal,D4,https://url.za.m.mimecastprotect.com/s/_IiWCY6ZX4HDJwLwFMrsJJixfYAV,MA566329,MR,B,,BENJAMIN,MATSHOBA,9008225414089,,,,,,,,,,,,,,,Paid on 28th,0.00,0,1,41,,0,4,4,0790257914,,,,ntsika11@gmail.com,,12 Month Flexi,,,0.00,,MA566329,,NO,,,,,,,
4915616,24290291,959990040322648,2026/08/01,2026/01/02,9999,0,951119549156160,Finchoice,Trace Data,Trace Positive,,,2026/08/22,0,1,22620.33,26124.12,2612.41,2026/06/09,Phone Call Made->Account Holder->Cellphone->Debtor direct->Type of Payment->Obtained PTP,2026/09/02,Phone Call Made->Account Holder->Cellphone->Other Person->Co-worker->Obtained Information->Other,2026/09/30,Mpumelelo advised she will make the payment today,2026/09/30,60,0.00,,,2026/08/01,26124.12,2026/09/02,2026/09/25,1306.21,,srs1429p,16922,PTP Overdue,Legal,D4,https://url.za.m.mimecastprotect.com/s/uPZ_CZ4gX5H7V050uxVUVViBFCV-,SIT18535,MS,M,,MPUMELELO,SITHEBE,8604150333087,,,,,,,,,MNSITHEBE@GMAIL.COM,,,,,,Paid on 25th,0.00,0,1,8,,0,1,4,0761045494,,0118712083,,nsithebe588@gmail.com,,12 Month Flexi,,,0.00,,SIT18535,,NO,,,,,,,
4902390,20727925,959990080341441,2026/07/24,2025/04/02,9999,0,951119549023907,Finchoice,,,,,,0,2,21470.33,26377.38,2637.74,2026/02/10,Incoming correspondence->Received E-mail->Debtor direct->Obtained Information->Other,2026/09/19,Phone Call Made->Account Holder->Cellphone->No Response->Disconnected,2026/09/30,SMS Status: DELIVRD - FINCHOICE PAST DUE SMS 28 09 26.txt,2026/09/28,68,0.00,,2025/08/26,2026/07/24,26377.38,2026/09/19,2026/09/26,1319.00,,srs002,16922,PTP Overdue,Legal,D4,https://url.za.m.mimecastprotect.com/s/vV47C1jM75H6DlMlSYKIppiV7PZV,LOT03624,MR,D,,DYLAN,LOTTERING,8609265032086,,,,,,,,,,,,,,,Paid on 26th,0.00,0,1,35,,0,4,4,0825784342,,,,dylanlottering@gmail.com,,12 Month Flexi,,,0.00,,LOT03624,,NO,,,,,,,
4901693,16519895,959990118978859,2026/07/24,2024/02/23,58,0,951119549016935,Finchoice,,,,,,0,2,41058.76,27145.98,2714.60,2025/04/10,Phone Call Made->Account Holder->Cellphone->Debtor direct->Type of Payment->Obtained PTP,2026/09/05,Phone Call Made->Account Holder->Cellphone->Left Message->Voicemail Lite,2026/09/30,SMS Status: DELIVRD - FINCHOICE REMINDERS SMS 28 09 26.txt,2026/09/28,68,300.00,2026/08/03,2026/08/03,2026/07/24,29445.98,2026/09/05,2026/09/28,1000.00,,srs050s,16922,PTP Overdue,Legal,D4,https://url.za.m.mimecastprotect.com/s/uyiXC2RXJ6tVJgpgf9Wh33i5s7bm,STE26387,MR,I,,IGNATIUS,STEENBOK,6711245048083,,,,,,,,,,,,,,,Paid on 28th,0.00,0,1,7,,0,1,2,0833845706,,0154913077,,steenbv@gmail.com,,36 Month Personal,,,0.00,,STE26387,,NO,,,,,,,
4892242,20574418,959990020274447,2026/07/24,2025/03/24,9999,0,951119548922422,Finchoice,Trace Data,Trace Positive,,,2026/08/12,0,2,26946.82,29190.30,2919.03,2026/01/10,Phone call received->Response to message->Debtor direct->Type of Payment->Obtained PTP,2026/09/23,Send SMS->Contact Us,2026/09/23,SMS Status: DELIVRD - FINCHOICE REMINDERS SMS 28 09 26.txt,2026/09/28,68,0.00,,2025/07/18,2026/07/24,29190.30,2026/09/23,2026/09/28,1000.00,,srs1469p,16922,PTP Overdue,Legal,D4,https://url.za.m.mimecastprotect.com/s/ITgAC3l3J7CXJOpOUQPcZZiQrcIf,MOL26010,MS,K,,KARIEN,MOLLER,8406280067084,,,,,,,,,,,,,,,Paid on 28th,0.00,0,1,72,,0,4,6,0748198804,,,,karien688@yahoo.com,,12 Month Flexi,,,0.00,,MOL26010,,NO,,,,,,,
4902668,16380941,959990043272386,2026/07/24,2024/02/07,9999,0,951119549026686,Finchoice,Customer Class,Employment Confirmed,,,2026/08/04,0,2,27905.29,29369.00,2936.90,2025/04/10,Phone Call Made->Account Holder->Cellphone->Debtor direct->Type of Payment->Obtained PTP,2026/09/21,Phone Call Made->Account Holder->Cellphone->Other Person->Co-worker->Refused,2026/09/30,hung up,2026/09/30,68,0.00,,2026/01/29,2026/07/24,29369.00,2026/09/21,2026/09/26,300.00,,srs1480p,16922,PTP Overdue,Legal,D4,https://url.za.m.mimecastprotect.com/s/_sxPC482KgfzQqBqUVQtGGi4b-LQ,FOR03657,MS,D,,DECARMA,FORTEIN,8406300187086,,,,,,,,,,,,,,,Paid on 29th,0.00,0,1,64,,0,6,6,0761347960,0333979106,,,decarmavdmerwe@gmail.com,,Finchoice Restructure,,,0.00,,FOR03657,,NO,,,,,,,
4902399,13639753,959990084562349,2026/07/24,2023/04/26,9999,0,951119549023998,Finchoice,,,,,,0,2,36591.87,29704.01,2970.40,2024/03/10,Whats App->Incoming->Debtor direct->Type of Payment->Obtained PTP,2026/09/16,Whats App->Incoming->Debtor direct->Type of Payment->Obtained PTP,2026/09/16,SMS Status: DELIVRD - FINCHOICE PAST DUE SMS 28 09 26.txt,2026/09/28,68,0.00,,2026/02/07,2026/07/24,29704.01,2026/09/16,2026/09/25,200.00,,srs0801p,16922,PTP Overdue,Legal,D4,https://url.za.m.mimecastprotect.com/s/2Ur_C58M0jfMQ2Z2uxGsqqikD0eH,MAN85642,MS,Z,,ZANDILE PATRICIA SANDY,MANYALI,8809090501087,,,,,,,,,LICIOUSMANYALI@YAHOO.COM,,,,,,Paid on 21st,0.00,0,1,56,,0,4,4,0630873233,,,,sandymanyali.sm@gmail.com,,12 Month Flexi,,,0.00,,MAN85642,,NO,,,,,,,
4895726,20987590,959990103483568,2026/07/24,2025/04/26,9999,0,951119548957261,Finchoice,,,,,,0,2,26391.79,30521.04,3052.10,2026/01/11,Phone Call Made->Account Holder->Cellphone->Debtor direct->Type of Payment->Obtained PTP,2026/09/18,Phone Call Made->Account Holder->Cellphone->Other Person->Co-worker->Refused,2026/09/30,answered and cut,2026/09/30,68,0.00,,2025/07/26,2026/07/24,30521.04,2026/09/18,2026/09/25,500.00,,srs1690p,16922,PTP Overdue,Legal,D4,https://url.za.m.mimecastprotect.com/s/7Ov9C66MVkHPAqrqfx3t77i5dbXm,SKH07591,MS,E,,ELIZABETH,SKHOSANA,7308040353088,,,,,,,,,,,,,,,Paid on 25th,0.00,0,1,54,,0,3,5,0677886521,,,,elizabethskhosana610@gmail.com,,12 Month Flexi,,,0.00,,SKH07591,,NO,,,,,,,
4915324,23580381,959990127159715,2026/08/01,2025/11/14,9999,0,951119549153241,Finchoice,,,,,,0,1,32978.61,32252.80,3225.28,2026/06/09,Phone Call Made->Account Holder->Cellphone->Debtor direct->Type of Payment->Obtained PTP,2026/09/26,Phone Call Made->Account Holder->Cellphone->Other Person->Co-worker->Obtained Information->Other,2026/09/30,male adv that she is busy now,2026/09/30,60,0.00,,2025/12/15,2026/08/01,32252.80,2026/09/26,2026/09/26,100.00,,srs1689p,16922,PTP Overdue,Legal,D4,https://url.za.m.mimecastprotect.com/s/KXp6C76MJlHzxwAwUqyI33ioPgDF,KUB19561,MR,Z,,ZANELE,KUBEKA,6611085480083,,,,,,,,,,,,,,,Paid on 29th,0.00,0,1,68,,0,4,4,0763094396,,,,George.tytha87@gmail.com,,12 Month Flexi,,,0.00,,KUB19561,,NO,,,,,,,
4902268,18979419,959990005114097,2026/07/24,2024/10/30,58,0,951119549022685,Finchoice,,,,,,0,2,38461.94,32761.21,3276.12,2026/01/11,Phone call received->Other->Debtor direct->Type of Payment->Obtained PTP,2026/08/27,Supervisor Action->E-mail Sent,2026/08/27,SMS Status: DELIVRD - FINCHOICE REMINDERS SMS 28 09 26.txt,2026/09/28,68,1000.00,2026/08/03,2026/08/03,2026/07/24,34761.21,2026/08/27,2026/09/28,500.00,,srs002,16922,PTP Overdue,Legal,D4,https://url.za.m.mimecastprotect.com/s/UPFlC8qgYmhXZE6EUoXfggiyfnth,SAM00826,MRS,J,,JUNITA,SAMPAIO,7204200068089,,,,,,,,,JBSAMPAIO@MWEB.CO.ZA,,,,,,Paid on 28th,0.00,0,1,0,,0,1,2,0725013231,,0126614311,,junitam1@yahoo.com,,24 Month Personal,,,0.00,,SAM00826,,NO,,,,,,,
4912660,23928712,959990045833300,2026/08/01,2025/12/05,9999,0,951119549126601,Finchoice,Trace Data,Trace Positive,,,2026/08/22,0,1,28389.93,32881.57,3288.16,2026/05/09,Phone Call Made->Account Holder->Cellphone->Debtor direct->Type of Payment->Obtained PTP,2026/09/14,Phone Call Made->Account Holder->Cellphone->Debtor direct->Type of Payment->Obtained PTP,2026/09/14,SMS Status: DELIVRD - FINCHOICE PAST DUE SMS 28 09 26.txt,2026/09/28,60,0.00,,,2026/08/01,32881.57,2026/09/14,2026/09/26,500.00,,srs1551p,16922,PTP Overdue,Legal,D4,https://url.za.m.mimecastprotect.com/s/SccFC98jXnfzgDkDUPWFNNiqA3U5,RAP05137,MR,C,,CHARLES,RAPHULU,7909175736086,,,,,,,,,,,,,,,Paid on 31st,0.00,0,1,32,,0,3,4,0843951474,,0737732955,,craphulu@gmail.com,,Finchoice Restructure,,,0.00,,RAP05137,,NO,,,,,,,
4896327,20909951,959990106901467,2026/07/24,2025/04/19,9999,0,951119548963277,Finchoice,,,,,,0,2,31025.72,33677.30,3367.73,2026/02/10,Incoming correspondence->Received E-mail->Debtor direct->Obtained Information->Other,2026/09/09,Supervisor Action->E-mail Sent,2026/09/09,SMS Status: DELIVRD - FINCHOICE PAST DUE SMS 28 09 26.txt,2026/09/28,68,0.00,,2025/07/25,2026/07/24,33677.30,2026/08/27,2026/09/26,150.00,,srs1304p,16922,PTP Overdue,Legal,D4,https://url.za.m.mimecastprotect.com/s/elo1C0gM34UkDpGpTOlcPPi9F7wT,MA603760,MS,E,,EVILYN,MATTHEWS,8411270177083,,,,,,,,,,,,,,,Paid on 26th,0.00,0,1,2,,0,1,2,0784017415,,,,evelynmazumba27@gmail.com,,12 Month Flexi,,,0.00,,MA603760,,NO,,,,,,,
4893385,19422813,959990081176747,2026/07/24,2024/12/06,9999,0,951119548933858,Finchoice,Trace Data,Trace Positive,,,2026/08/12,0,2,46747.47,34561.77,3456.18,2025/09/09,Phone Call Made->Account Holder->Cellphone->Debtor direct->Type of Payment->Obtained PTP,2026/09/18,Phone Call Made->Account Holder->Cellphone->Left Message->Voicemail Lite,2026/09/25,rang to vm,2026/09/25,68,0.00,,2026/03/05,2026/07/24,34561.77,2026/09/18,2026/09/25,100.00,,srs1688p,16922,PTP Overdue,Legal,D4,https://url.za.m.mimecastprotect.com/s/cA6_Cg5yXvHqxDADuEQikki4vhIJ,BAL25628,MR,K,,KHONGELANI,BALOYI,9311035587080,,,,,,,,,,,,,,,Paid on 31st,0.00,0,1,58,,0,4,7,0786021125,,,,warencebaloyi@gmail.com,,12 Month Flexi,,,0.00,,BAL25628,,NO,,,,,,,
4896583,16714816,959990096988888,2026/07/24,2024/03/15,61,0,951119548965835,Finchoice,,,,,,0,2,38562.32,34704.16,3470.42,2024/10/10,Phone Call Made->Account Holder->Cellphone->Debtor direct->Type of Payment->Obtained PTP,2026/09/19,Phone Call Made->Account Holder->Cellphone->Debtor direct->Type of Payment->Obtained PTP,2026/09/19,SMS Status: DELIVRD - FINCHOICE PAST DUE SMS 28 09 26.txt,2026/09/28,68,500.00,2026/07/31,2026/07/31,2026/07/24,35204.16,2026/09/19,2026/09/26,300.00,,srs0050ap,16922,PTP Overdue,Legal,D4,https://url.za.m.mimecastprotect.com/s/IFNjCj2BJyiYMVnVs1VUAAimIa5d,SHA48481,MR,P,,PATRICK,SHABANGU,8312085689082,,,,,,,,,,,,,,,Paid on 31st,0.00,0,5,7,,0,3,4,0614083831,0114899059,0114899072,,shabbashabangu@gmail.com,,Finchoice Restructure,,,0.00,,SHA48481,,NO,,,,,,,
4901605,19484820,959990080275987,2026/07/24,2024/12/13,9999,0,951119549016059,Finchoice,Trace Data,Trace Positive,,,2026/08/12,0,2,35155.74,41505.37,4150.54,2026/01/10,Phone Call Made->Account Holder->Cellphone->Debtor direct->Type of Payment->Obtained DebiCheck Debit Order,2026/09/22,Send SMS->Banking Details,2026/09/22,SMS Status: DELIVRD - FINCHOICE PAST DUE SMS 28 09 26.txt,2026/09/28,68,0.00,,2025/08/26,2026/07/24,41505.37,2026/09/22,2026/09/26,100.00,,srs1655p,6840,AGE 0 - 3+ DEBIT ORDER PEND,Legal,D4,https://url.za.m.mimecastprotect.com/s/1RmiCk5gMzHk6POPTJXsnniGjNRT,MOO18091,MS,T,,TINEESHA,MOODLEY,7910230134085,,,,,,,,,BROKEMCOLL@MWEB.CO.ZA,,,,,,Paid on 25th,0.00,0,1,63,,0,4,7,0847154599,,,,Tineesha.moodley441@gmail.com,,12 Month Flexi,2026/10/26,2026/09/22,1000.00,srs1655p,MOO18091,,NO,,,,,,,
4898846,20299388,959990117812919,2026/07/24,2025/02/27,9999,0,951119548988464,Finchoice,Customer Class,Employment Confirmed,,,2026/09/21,0,2,45913.06,43657.61,4365.76,2026/03/09,Phone Call Made->Account Holder->Cellphone->Debtor direct->Type of Payment->Obtained PTP,2026/09/21,Phone Call Made->Account Holder->Cellphone->Left Message->Voicemail Lite,2026/09/30,left a v.m lite message,2026/09/30,68,0.00,,2025/04/28,2026/07/24,43657.61,2026/09/21,2026/09/27,1200.00,,srs1686p,16922,PTP Overdue,Legal,D4,https://url.za.m.mimecastprotect.com/s/RTVkClO06Ai15j2js10fMMizObra,QET00165,MR,N,,NDODA,QETSIMAN,7803036278083,,,,,,,,,NDODA.QETSIMAN@TRANSET.NET,,,,,,Paid on 27th,0.00,0,1,46,,0,6,5,0818655301,,,,ndodaqetsiman@gmail.com,,24 Month Personal,,,0.00,,QET00165,,NO,,,,,,,
4917186,24251657,959990066066293,2026/08/01,2025/12/29,57,0,951119549171862,Finchoice,Customer Class,Employment Confirmed,,,2026/09/03,0,1,40778.84,46379.95,4638.00,2026/06/09,Phone Call Made->Account Holder->Cellphone->Debtor direct->Type of Payment->Obtained PTP,2026/09/10,Phone Call Made->Account Holder->Cellphone->Left Message->Voicemail Lite,2026/09/25,SMS Status: DELIVRD - FINCHOICE PAST DUE SMS 28 09 26.txt,2026/09/28,60,250.00,2026/08/04,2026/08/04,2026/08/01,46629.95,2026/09/10,2026/09/25,400.00,,srs1686p,16922,PTP Overdue,Legal,D4,https://url.za.m.mimecastprotect.com/s/T65_CmwkXBfpK9j9TQ2T88iRV9OM,MA293317,MR,S,,SIMON FUSI,MASEKO,7801275513087,,,,,,,,,,,,,,,Paid on 31st,0.00,1,2,8,,0,2,5,0649251486,0655938678,0568192700,,simonmaseko492@gmail.com,,Finchoice Restructure,,,0.00,,MA293317,,NO,,,,,,,
4898353,20335500,959990082794399,2026/07/24,2025/03/01,36,0,951119548983531,Finchoice,Trace Data,Trace Positive,,,2026/08/12,0,2,47907.29,46690.48,4669.05,2025/09/09,Phone call received->Other->Debtor direct->Type of Payment->Obtained PTP,2026/08/19,Phone Call Made->Account Holder->Cellphone->Left Message->Voicemail Lite,2026/09/30,vm,2026/09/30,68,1000.00,2026/08/25,2026/08/25,2026/07/24,47690.48,2026/08/29,2026/09/25,1000.00,,srs1458p,16922,PTP Overdue,Legal,D4,https://url.za.m.mimecastprotect.com/s/ZmSXCnZlJDUXqk7kUm8UQQiJLGqk,PIL14251,MISS,N,,NADIA,PILLAY,7706060178089,,,,,,,,,,,,,,,Paid on 25th,0.00,0,1,1,,0,1,2,0747619571,,,,nadiapillay50@gmail.com,,12 Month Flexi,,,0.00,,PIL14251,,NO,,,,,,,
3859409,12850774,959990059121188,2025/02/11,2023/01/23,36,0,951119538594090,Finchoice,Customer Class,Employment Confirmed,,,2025/11/06,0,19,47660.35,49908.65,4990.87,,Phone Call Made->Account Holder->Cellphone->Debtor direct->Type of Payment->Obtained PTP,2026/09/04,Phone Call Made->Account Holder->Cellphone->No Response->Disconnected,2026/09/30,disconnected,2026/09/30,596,300.00,2026/08/25,2026/08/25,2024/08/16,52508.65,2026/09/04,2026/09/25,500.00,,srs050s,16922,PTP Overdue,Legal,D4,https://url.za.m.mimecastprotect.com/s/2_b-CoYmJETDLQrQFOlCqqipX-Pz,MA254018,MRS,V,,VUYOKAZI KANYISA,MATAELA,8908240635082,,,,,,,,,,,,,,,Paid on 25th,0.00,0,1,9,,0,1,2,0711635306,0213645900,,,mzombavee@gmail.com,,Finchoice Restructure,,,0.00,,MA254018,,NO,,,,,,,
4907509,23411516,959990026112666,2026/08/01,2025/11/03,33,0,951119549075097,Finchoice,,,,,,0,1,45288.71,50941.94,5094.19,2026/05/09,Phone Call Made->Account Holder->Work->Debtor direct->Type of Payment->Obtained PTP,2026/09/17,Phone Call Made->Account Holder->Work->ACW Exceeded,2026/09/17,SMS Status: DELIVRD - FINCHOICE REMINDERS SMS 28 09 26.txt,2026/09/28,60,500.00,2026/08/28,2026/08/28,2026/08/01,51441.94,2026/09/17,2026/09/28,500.00,,srs1675p,16922,PTP Overdue,Legal,D4,https://url.za.m.mimecastprotect.com/s/haggCpgnVGU9N7n7hJoH22iGfxQV,TSH20837,MS,A,,AMANDA,TSHANGELA,8011240432087,,,,,,,,,,,,,,,Paid on 28th,0.00,0,1,49,,0,1,4,0733505654,,0214443378,,nosangofojo1@gmail.com,,36 Month Personal,,,0.00,,TSH20837,,NO,,,,,,,
4899283,21089737,959990082966674,2026/07/24,2025/05/03,9999,0,951119548992839,Finchoice,Trace Data,Trace Positive,,,2026/08/12,0,2,45232.57,52696.18,5269.62,2025/12/09,Phone Call Made->Account Holder->Cellphone->Debtor direct->Type of Payment->Obtained PTP,2026/09/15,Phone Call Made->Account Holder->Cellphone->Debtor direct->Type of Payment->Obtained PTP,2026/09/15,SMS Status: DELIVRD - FINCHOICE PAST DUE SMS 28 09 26.txt,2026/09/28,68,0.00,,2025/06/27,2026/07/24,52696.18,2026/09/15,2026/09/25,500.00,,srs1630p,16921,High Balance - Ring Fenced,Legal,D4,https://url.za.m.mimecastprotect.com/s/C-XxCqjo8JH1PV8VsNATKKiEqwEr,FER04586,MS,K,,KAREN,FERUS,7703200115089,,,,,,,,,,,,,,,Paid on 25th,0.00,0,1,22,,0,4,5,0735123265,,,,karen.ferus@capetown.gov.za,,24 Month Personal,,,0.00,,FER04586,,NO,,,,,,,
4931386,19336774,959990045046580,2026/08/17,2024/11/29,9999,0,951119549313860,Finchoice,Trace Data,Trace Positive,,,2026/08/22,0,1,56331.29,65383.40,6538.34,2025/11/10,Phone Call Made->Account Holder->Cellphone->Debtor direct->Type of Payment->Obtained PTP,2026/09/01,Send SMS->Banking Details,2026/09/01,SMS Status: DELIVRD - FINCHOICE REMINDERS SMS 28 09 26.txt,2026/09/28,44,0.00,,2026/05/06,2026/08/17,65383.40,2026/09/01,2026/09/28,200.00,,srs1675p,16922,PTP Overdue,Legal,D4,https://url.za.m.mimecastprotect.com/s/FgMuCr0p7Kfr0W8WUjpH66i4HfIU,MOL54093,MISS,M,,MAMAITSENG EMILY,MOLIBELI,8402070751086,,,,,,,,,,,,,,,Paid on 28th,0.00,0,1,3,,0,1,3,0624151269,,0115606111,,mamaitseng@gmail.com,,36 Month Personal,,,0.00,,MOL54093,,NO,,,,,,,
4907360,24089782,959990109335762,2026/08/01,2025/12/18,9999,0,951119549073605,Finchoice,Trace Data,Trace Positive,,,2026/08/22,0,1,59212.16,66847.42,6684.74,2026/06/09,Phone call received->Response to message->Debtor direct->Type of Payment->Obtained PTP,2026/08/25,Send SMS->Contact Us,2026/08/25,SMS Status: DELIVRD - FINCHOICE REMINDERS SMS 28 09 26.txt,2026/09/28,60,0.00,,2026/01/27,2026/08/01,66847.42,2026/08/25,2026/09/28,1500.00,,srs1577p,16922,PTP Overdue,Legal,D4,https://url.za.m.mimecastprotect.com/s/xZnTCvgwJOUEjR7Ruo6clliQ6Lf0,BEK03853,MS,Y,,YAMKELA,BEKU,9410240938086,,,,,,,,,,,,,,,Paid on 28th,0.00,0,1,0,,0,1,2,0633619693,,,,yamkela.beku@gmail.com,,Finchoice Restructure,,,0.00,,BEK03853,,NO,,,,,,,
4917173,23785077,959990086112754,2026/08/01,2025/11/27,9999,0,951119549171730,Finchoice,,,,,,0,1,58370.84,67674.15,6767.42,2026/05/09,Phone Call Made->Account Holder->Cellphone->Debtor direct->Type of Payment->Obtained PTP,2026/09/08,Phone Call Made->Account Holder->Cellphone->Left Message->Voicemail Lite,2026/09/28,CALLED 0789756369 - VOICEMAIL LEFT MESG,2026/09/28,60,0.00,,,2026/08/01,67674.15,2026/09/08,2026/09/25,1900.00,,srs1675p,16922,PTP Overdue,Legal,D4,https://url.za.m.mimecastprotect.com/s/J0MkCwjxgPHvz2G2u1McGGiJw89_,SOL09138,MS,M,,MUJOLAINES,SOLOMAN,7506300095089,,,,,,,,,,,,,,,Paid on 1st,0.00,1,2,13,,0,4,6,0789756369,,,,mujolainesoloman@gmail.com,,36 Month Personal,,,0.00,,SOL09138,,NO,,,,,,,
4909189,23583947,959990015142716,2026/08/01,2025/11/14,58,0,951119549091896,Finchoice,,,,,,0,1,59633.29,68820.45,6882.05,2026/06/09,Incoming correspondence->Received E-mail->Debtor direct->Type of Payment->Obtained PTP,2026/08/24,Whats App->Outgoing->Other,2026/08/26,SMS Status: DELIVRD - FINCHOICE PAST DUE SMS 28 09 26.txt,2026/09/28,60,540.00,2026/08/03,2026/08/03,2026/08/01,69360.45,2026/08/24,2026/09/25,500.00,,srs1461,16922,PTP Overdue,Legal,D4,https://url.za.m.mimecastprotect.com/s/c8QkCxGyjQUL4z1zURrsEEiy-DgF,MAN14981,MS,M,,MARGARET,MANYALA,8009290896086,,,,,,,,,,,,,,,Paid on 25th,0.00,0,1,0,,0,1,2,0641027522,,0123123119,,ZANDILE.MANYALA@TREASURY.GOV.ZA,,24 Month Personal,,,0.00,,MAN14981,,NO,,,,,,,
4900188,10447459,959990006478665,2026/07/24,2022/02/25,9999,0,951119549001887,Finchoice,,,,,,0,2,77902.06,71618.77,7161.88,2023/07/10,Whats App->Incoming->Debtor direct->Type of Payment->Obtained PTP,2026/09/05,Whats App->Outgoing->Other->Obtained Information->Other,2026/09/08,SMS Status: DELIVRD - FINCHOICE PAST DUE SMS 28 09 26.txt,2026/09/28,68,0.00,,2026/04/08,2026/07/24,71618.77,2026/09/05,2026/09/25,700.00,,srs1296p,16922,PTP Overdue,Legal,D4,https://url.za.m.mimecastprotect.com/s/4cZYCy8zkRf7zprpuNjimmixbUHI,VAN06349,MRS,A,,ALVINA,VAN AS WEGEN,6108140004081,,,,,,,,,,,,,,,Paid on 28th,0.00,0,1,11,,0,2,3,0795617533,,,,Alna.vanaswegen14@gmail.com,,24 Month Personal,,,0.00,,VAN06349,,NO,,,,,,,
4909198,23778933,959990010733220,2026/08/01,2025/11/27,9999,0,951119549091987,Finchoice,Trace Data,Trace Positive,,,2026/08/22,0,1,83668.09,94365.14,9436.51,2026/06/09,Phone Call Made->Account Holder->Cellphone->Debtor direct->Type of Payment->Obtained PTP,2026/09/22,Phone Call Made->Account Holder->Cellphone->Debtor direct->Type of Payment->Obtained PTP,2026/09/22,SMS Status: DELIVRD - FINCHOICE PAST DUE SMS 28 09 26.txt,2026/09/28,60,0.00,,2026/04/27,2026/08/01,94365.14,2026/09/22,2026/09/26,500.00,,srs1355p,16922,PTP Overdue,Legal,D4,https://url.za.m.mimecastprotect.com/s/KO2ACzmAl0cGp7M7Ioks77i9yh5I,VAN11924,MS,M,,MINETTE,VAN VUUREN,8607011144080,,,,,,,,,,,,,,,Paid on 27th,0.00,0,1,67,,0,3,6,0761679278,,,,minettefouri@yahoo.com,,36 Month Personal,,,0.00,,VAN11924,,NO,,,,,,,
4931284,19156008,959990008643860,2026/08/17,2024/11/15,37,0,951119549312847,Finchoice,,,,,,0,1,78234.54,96753.59,9675.36,2026/05/09,Phone Call Made->Account Holder->Cellphone->Debtor direct->Type of Payment->Obtained PTP,2026/08/18,Phone Call Made->Account Holder->Cellphone->No Response->No Reply,2026/08/24,SMS Status: DELIVRD - FINCHOICE PAST DUE SMS 28 09 26.txt,2026/09/28,44,500.00,2026/08/24,2026/08/24,2026/08/17,97253.59,2026/08/29,2026/09/25,500.00,,srs1631p,16922,PTP Overdue,Legal,D4,https://url.za.m.mimecastprotect.com/s/Fj_BCAnrOyUZ38N8uQEI99iG9o8s,GRE00518,MS,A,,AMINA,GREGORY,5708110186080,,,,,,,,,,,,,,,Paid on 25th,0.00,0,1,0,,0,1,2,0736351120,,0395538025,,aminagregory633@gmail.com,,36 Month Personal,,,0.00,,GRE00518,,NO,,,,,,,
4909709,23431866,959990004365260,2026/08/01,2025/11/03,35,0,951119549097091,Finchoice,,,,,,0,1,119077.97,132126.88,13212.69,2026/04/09,Whats App->Incoming->Debtor direct->Type of Payment->Obtained PTP,2026/09/09,Phone Call Made->Account Holder->Other->Left Message->Voicemail Lite,2026/09/30,vm,2026/09/30,60,700.00,2026/08/26,2026/08/26,2026/08/01,132826.88,2026/09/09,2026/09/28,700.00,,srs080,16922,PTP Overdue,Legal,D4,https://url.za.m.mimecastprotect.com/s/YspDCBgvEzUD9y7yFWmTyyi2oRxO,MUG00090,MISS,TF,,FLORAH,MUGARI,7309260961089,,,,,,,,,,,,,,,Paid on 27th,0.00,0,1,23,,0,0,2,0846277649,,0117083464,,,,36 Month Personal,,,0.00,,MUG00090,,NO,,,,,,,
4894361,19330649,959990066644867,2026/07/24,2024/11/29,9999,0,951119548943618,Finchoice,,,,,,0,2,110070.51,134794.95,13479.50,2025/07/09,Phone call received->Response to message->Debtor direct->Type of Payment->Obtained PTP,2026/08/17,Phone Call Made->Account Holder->Cellphone->Other Person->Co-worker->Obtained Information->Other,2026/09/30,spoke to male adv that dr is not available,2026/09/30,68,0.00,,2026/03/26,2026/07/24,134894.95,2026/08/17,2026/09/28,100.00,,srs1577p,16922,PTP Overdue,Legal,D4,https://url.za.m.mimecastprotect.com/s/nRWjCDRxEBtoKy5yulOUGGij5LA7,NOR03244,MR,W,,WILLEM,NORTJE,6112255077080,,,,,,,,,,,,,,,Paid on 28th,0.00,0,1,1,,0,1,2,0794386056,,,,wimpie585@gmail.com,,24 Month Personal,,,0.00,,NOR03244,,NO,,,,,,,
4900684,17642321,959990000280471,2026/07/24,2024/06/20,9999,0,951119549006845,Finchoice,Trace Data,Trace Positive,,,2026/08/12,0,2,121207.24,138191.86,13819.19,2024/12/10,Phone Call Made->Account Holder->Cellphone->Debtor direct->Type of Payment->Obtained PTP,2026/09/04,Phone Call Made->Account Holder->Cellphone->Debtor direct->Type of Payment->Obtained PTP,2026/09/04,SMS Status: DELIVRD - FINCHOICE PAST DUE SMS 28 09 26.txt,2026/09/28,68,0.00,,2026/01/06,2026/07/24,138191.86,2026/09/04,2026/09/25,100.00,,srs1510p,16922,PTP Overdue,Legal,D4,https://url.za.m.mimecastprotect.com/s/gGc-CElyQDClJY3YCZgFGGi7JWZO,KHO00029,MISS,P,,PEGGY,KHOSA,7706230282084,,,,,,,,,,,,,,,Paid on 25th,0.00,0,1,10,,0,1,3,0685212272,,,,peggyk16@gmail.com,,12 Month Flexi,,,0.00,,KHO00029,,NO,,,,,,,
4894243,20576081,959990084595000,2026/07/24,2025/03/24,9999,0,951119548942438,Finchoice,Status Class,Customer Unemployed,,,2026/09/02,0,2,138517.97,150883.73,15088.37,2026/03/09,Whats App->Incoming->Debtor direct->Type of Payment->Obtained PTP,2026/09/02,Whats App->Incoming->Debtor direct->Type of Payment->Obtained PTP,2026/09/02,SMS Status: DELIVRD - FINCHOICE PAST DUE SMS 28 09 26.txt,2026/09/28,68,0.00,,2025/09/22,2026/07/24,150883.73,2026/09/02,2026/09/25,100.00,,srs050s,16922,PTP Overdue,Legal,D4,https://url.za.m.mimecastprotect.com/s/ggbyCGZAKGUBp616ikoimmiBRy_D,GAI00606,MRS,P,,PRATIMA,GAIKWAD,8010091177189,,,,,,,,,,,,,,,Paid on 31st,0.00,0,1,8,,0,1,2,0662449797,,,,aishadanishali@gmail.com,,36 Month Personal,,,0.00,,GAI00606,,NO,,,,,,,
4701397,19247596,959990004071421,2026/03/14,2024/11/25,37,0,951119547013975,Finchoice,,,,,,0,6,180182.16,185074.52,18507.45,,Whats App->Incoming->Debtor direct->Type of Payment->Obtained PTP,2026/07/25,Whats App->Incoming->Debtor direct->Type of Payment->Obtained PTP,2026/07/25,SMS Status: DELIVRD - FINCHOICE REMINDERS SMS 28 09 26.txt,2026/09/28,200,2000.00,2026/08/24,2026/08/24,2026/03/14,195374.52,2026/09/01,2026/09/27,2000.00,,srs002,16922,PTP Overdue,Legal,D4,https://url.za.m.mimecastprotect.com/s/oHzjCJZ1XLUBmVqViOgC33iy7CNU,ARJ00003,MRS,D,,DARIUSCIA,VAN NIEKERK,7605070234082,MARKETING & GRAPHIC DESIGNER,,,,,,,,,,,,,,Paid on 25th,0.00,0,1,0,,0,1,2,0726502847,,,,penny.avon@hotmail.com,,36 Month Personal,,,0.00,,ARJ00003,,NO,,,,,,,
